-- -----------------------------------------------------
-- Schema store
-- -----------------------------------------------------
USE `store` ;

-- -----------------------------------------------------
-- Populating table: `contact_info`
-- -----------------------------------------------------

INSERT INTO `contact_info` (`contact_info_id`, `phone_number`, `country_code`, `city`, `postal_code`, `address_one`, `address_two`) VALUES (1, '+03(3)2949588615', 'osl', 'Mertietown', 'hgop', 'Non provident tempora quia minima dignissimos qui saepe.', 'Labore quidem odit eum quo.');
INSERT INTO `contact_info` (`contact_info_id`, `phone_number`, `country_code`, `city`, `postal_code`, `address_one`, `address_two`) VALUES (2, '(233)541-7011', 'pkn', 'Luisport', 'bnfz', 'Aspernatur amet quod sunt hic dignissimos.', 'Aut dolorem odio qui magnam est velit.');
INSERT INTO `contact_info` (`contact_info_id`, `phone_number`, `country_code`, `city`, `postal_code`, `address_one`, `address_two`) VALUES (3, '05378383508', 'vvg', 'North Joe', 'woeq', 'Sint ducimus excepturi expedita sint aut est.', 'Totam earum doloribus explicabo illum nihil modi fugiat.');
INSERT INTO `contact_info` (`contact_info_id`, `phone_number`, `country_code`, `city`, `postal_code`, `address_one`, `address_two`) VALUES (4, '04583950529', 'icy', 'Kayleeland', 'xcrw', 'Voluptatem voluptas iure autem libero nisi.', 'Tempore non omnis cumque corporis incidunt molestiae.');
INSERT INTO `contact_info` (`contact_info_id`, `phone_number`, `country_code`, `city`, `postal_code`, `address_one`, `address_two`) VALUES (5, '01780787691', 'cew', 'New General', 'aknv', 'Veniam nemo suscipit repellat est.', 'Sit ipsum sint ea rem et perferendis molestiae in.');
INSERT INTO `contact_info` (`contact_info_id`, `phone_number`, `country_code`, `city`, `postal_code`, `address_one`, `address_two`) VALUES (6, '846.613.7656x67176', 'rou', 'New Ray', 'wqjl', 'Molestias quo doloremque ipsam nesciunt.', 'Nihil sint similique in quisquam libero beatae et.');
INSERT INTO `contact_info` (`contact_info_id`, `phone_number`, `country_code`, `city`, `postal_code`, `address_one`, `address_two`) VALUES (7, '+11(2)6974889267', 'bgy', 'Meredithport', 'gexp', 'Corrupti quasi amet itaque velit.', 'Vel et blanditiis quos blanditiis ullam optio voluptatem numquam.');
INSERT INTO `contact_info` (`contact_info_id`, `phone_number`, `country_code`, `city`, `postal_code`, `address_one`, `address_two`) VALUES (8, '1-822-940-5867', 'bdc', 'Orionmouth', 'ubno', 'Inventore et maiores voluptatibus voluptatum harum et aut.', 'Delectus et vel praesentium itaque reprehenderit.');
INSERT INTO `contact_info` (`contact_info_id`, `phone_number`, `country_code`, `city`, `postal_code`, `address_one`, `address_two`) VALUES (9, '+90(8)5950767366', 'fys', 'South Nikoview', 'cxub', 'Fugiat consequatur excepturi in dolor.', 'Veritatis et ut ad pariatur cum ipsa id.');
INSERT INTO `contact_info` (`contact_info_id`, `phone_number`, `country_code`, `city`, `postal_code`, `address_one`, `address_two`) VALUES (10, '694-549-7168x0219', 'gkd', 'Walkerfurt', 'fawy', 'Nobis cum sint voluptas maiores molestias id doloremque dolore.', 'Id rerum aut veritatis ut.');
INSERT INTO `contact_info` (`contact_info_id`, `phone_number`, `country_code`, `city`, `postal_code`, `address_one`, `address_two`) VALUES (11, '04908163836', 'jzs', 'Sageport', 'gvrw', 'Quod officia adipisci quis sequi nemo.', 'Eos voluptas perspiciatis totam sed perspiciatis placeat voluptatem.');
INSERT INTO `contact_info` (`contact_info_id`, `phone_number`, `country_code`, `city`, `postal_code`, `address_one`, `address_two`) VALUES (12, '871-413-3741x8052', 'gts', 'Funkberg', 'ymhe', 'Quia ea vero officiis aut consequatur aspernatur earum repellendus.', 'Veniam consequatur aut commodi nam in possimus deserunt.');
INSERT INTO `contact_info` (`contact_info_id`, `phone_number`, `country_code`, `city`, `postal_code`, `address_one`, `address_two`) VALUES (13, '(600)794-9774', 'cwi', 'New Manuela', 'nfdg', 'Sint ut pariatur nostrum ratione qui et.', 'Perferendis asperiores tempore magni quia libero qui eum.');
INSERT INTO `contact_info` (`contact_info_id`, `phone_number`, `country_code`, `city`, `postal_code`, `address_one`, `address_two`) VALUES (14, '905-677-1281', 'ldr', 'East Chetmouth', 'gurb', 'Dolor omnis cumque a magnam ut voluptatem minus.', 'Animi quibusdam at quia et ut et.');
INSERT INTO `contact_info` (`contact_info_id`, `phone_number`, `country_code`, `city`, `postal_code`, `address_one`, `address_two`) VALUES (15, '318.165.9507x47423', 'phq', 'Serenityhaven', 'uqag', 'Quia quia veniam fugiat eligendi.', 'Amet velit et recusandae qui.');
INSERT INTO `contact_info` (`contact_info_id`, `phone_number`, `country_code`, `city`, `postal_code`, `address_one`, `address_two`) VALUES (16, '(336)662-8300x3864', 'hqr', 'Lowechester', 'yzqh', 'Rerum rerum eaque provident veritatis nemo.', 'Sit et qui facere sint laudantium quae.');
INSERT INTO `contact_info` (`contact_info_id`, `phone_number`, `country_code`, `city`, `postal_code`, `address_one`, `address_two`) VALUES (17, '648-053-4105', 'lyf', 'Adalineton', 'ndpa', 'Perferendis id harum deleniti est iure.', 'Error est omnis nulla quaerat.');
INSERT INTO `contact_info` (`contact_info_id`, `phone_number`, `country_code`, `city`, `postal_code`, `address_one`, `address_two`) VALUES (18, '(137)333-1750x1131', 'sjn', 'New Lupe', 'kqpx', 'Sapiente ut quod ab quis.', 'Quo voluptatem eos deserunt dolores occaecati sed dolorum.');
INSERT INTO `contact_info` (`contact_info_id`, `phone_number`, `country_code`, `city`, `postal_code`, `address_one`, `address_two`) VALUES (19, '351.998.9769x95376', 'zkr', 'Pfefferstad', 'xuhj', 'Earum labore ipsam illo quos.', 'Deserunt natus sit rerum voluptatibus culpa error.');
INSERT INTO `contact_info` (`contact_info_id`, `phone_number`, `country_code`, `city`, `postal_code`, `address_one`, `address_two`) VALUES (20, '760.812.5424', 'eez', 'Port Zoey', 'mdph', 'Molestiae enim nobis nihil corrupti repellendus hic.', 'Ad aut et delectus et laboriosam.');
INSERT INTO `contact_info` (`contact_info_id`, `phone_number`, `country_code`, `city`, `postal_code`, `address_one`, `address_two`) VALUES (21, '272-860-3258x27912', 'hyq', 'Lake Margaretta', 'fjwe', 'Corporis qui vitae animi doloremque eum cum temporibus.', 'Possimus aut architecto saepe quibusdam natus rem ut.');
INSERT INTO `contact_info` (`contact_info_id`, `phone_number`, `country_code`, `city`, `postal_code`, `address_one`, `address_two`) VALUES (22, '(587)045-0361x148', 'nej', 'Myronchester', 'ipnz', 'Quod sunt qui maxime.', 'Optio eum voluptate accusantium voluptatibus ut.');
INSERT INTO `contact_info` (`contact_info_id`, `phone_number`, `country_code`, `city`, `postal_code`, `address_one`, `address_two`) VALUES (23, '(351)191-8666x38814', 'qgl', 'Emardport', 'achf', 'Molestiae nobis non aut quae quae.', 'Quaerat minima assumenda et veniam delectus voluptates quo cupiditate.');
INSERT INTO `contact_info` (`contact_info_id`, `phone_number`, `country_code`, `city`, `postal_code`, `address_one`, `address_two`) VALUES (24, '1-950-556-2485x73370', 'iky', 'Ilaberg', 'oofd', 'Nihil eligendi voluptates tempora atque nulla quia sunt.', 'Et non saepe eos pariatur aperiam modi nam.');
INSERT INTO `contact_info` (`contact_info_id`, `phone_number`, `country_code`, `city`, `postal_code`, `address_one`, `address_two`) VALUES (25, '1-189-968-7963x1802', 'ucd', 'Ullrichfort', 'bpfe', 'Cumque odio dignissimos voluptatem voluptatem cum dolorem.', 'Accusantium id architecto officiis quaerat.');
INSERT INTO `contact_info` (`contact_info_id`, `phone_number`, `country_code`, `city`, `postal_code`, `address_one`, `address_two`) VALUES (26, '074-889-6134', 'psr', 'South Wayne', 'jwpf', 'Provident quia recusandae quos quo voluptatem aut dolorum ipsa.', 'Id consequatur numquam natus.');
INSERT INTO `contact_info` (`contact_info_id`, `phone_number`, `country_code`, `city`, `postal_code`, `address_one`, `address_two`) VALUES (27, '224-990-5765x25082', 'crz', 'Ardellatown', 'bhzi', 'Nisi voluptatem molestias voluptates eos.', 'Dolorum quisquam odio ut cumque quibusdam iure in.');
INSERT INTO `contact_info` (`contact_info_id`, `phone_number`, `country_code`, `city`, `postal_code`, `address_one`, `address_two`) VALUES (28, '+59(2)3851099474', 'oti', 'South Timmy', 'ihbr', 'Officiis ad dolor et dolorum provident id totam at.', 'Et vel sit et deleniti sed ullam quibusdam aspernatur.');
INSERT INTO `contact_info` (`contact_info_id`, `phone_number`, `country_code`, `city`, `postal_code`, `address_one`, `address_two`) VALUES (29, '753.620.8546', 'jjx', 'New Luluport', 'yjcn', 'Sed voluptates quo exercitationem eos aperiam ut et.', 'Similique iure quo ut ea voluptatem aliquam.');
INSERT INTO `contact_info` (`contact_info_id`, `phone_number`, `country_code`, `city`, `postal_code`, `address_one`, `address_two`) VALUES (30, '(015)870-6004x8347', 'pin', 'Port Colinstad', 'yrnx', 'Fugiat corporis enim eligendi qui quibusdam officia inventore.', 'Fugit cupiditate id repudiandae iste.');
INSERT INTO `contact_info` (`contact_info_id`, `phone_number`, `country_code`, `city`, `postal_code`, `address_one`, `address_two`) VALUES (31, '+50(2)5851715062', 'shh', 'North Trentonmouth', 'zwer', 'Et molestiae sit voluptas officiis distinctio explicabo facilis repudiandae.', 'Quae voluptatem dolor reprehenderit magni corrupti.');
INSERT INTO `contact_info` (`contact_info_id`, `phone_number`, `country_code`, `city`, `postal_code`, `address_one`, `address_two`) VALUES (32, '1-517-910-4785x596', 'lpe', 'New Gillian', 'tarf', 'Earum sunt dolorum quo vel et.', 'Deserunt aut omnis molestiae et corrupti veritatis dolor expedita.');
INSERT INTO `contact_info` (`contact_info_id`, `phone_number`, `country_code`, `city`, `postal_code`, `address_one`, `address_two`) VALUES (33, '257-242-9482x373', 'wmq', 'Kesslerburgh', 'mxpp', 'Ducimus quo rerum est eum.', 'Et nesciunt quam sunt.');
INSERT INTO `contact_info` (`contact_info_id`, `phone_number`, `country_code`, `city`, `postal_code`, `address_one`, `address_two`) VALUES (34, '1-451-603-3339x5907', 'rrv', 'Lake Pricetown', 'kdjt', 'Est natus blanditiis eveniet ut.', 'Aliquid et earum corporis.');
INSERT INTO `contact_info` (`contact_info_id`, `phone_number`, `country_code`, `city`, `postal_code`, `address_one`, `address_two`) VALUES (35, '534.262.4808', 'rsr', 'Ritchieshire', 'uzmt', 'Aut itaque alias et et minus.', 'Error molestiae ad nam sunt ad dolore ratione est.');
INSERT INTO `contact_info` (`contact_info_id`, `phone_number`, `country_code`, `city`, `postal_code`, `address_one`, `address_two`) VALUES (36, '697-660-2288', 'ccj', 'Sabrinaview', 'ggfy', 'Dolorem in impedit voluptas numquam fuga nesciunt est.', 'Impedit expedita eius consectetur sed doloremque blanditiis.');
INSERT INTO `contact_info` (`contact_info_id`, `phone_number`, `country_code`, `city`, `postal_code`, `address_one`, `address_two`) VALUES (37, '+40(6)3898729604', 'rhc', 'Lake Nicolette', 'lvxf', 'Laborum voluptatum vel aut.', 'Voluptatibus ipsum provident ea velit qui nihil.');
INSERT INTO `contact_info` (`contact_info_id`, `phone_number`, `country_code`, `city`, `postal_code`, `address_one`, `address_two`) VALUES (38, '797.392.7188', 'kvu', 'Arnobury', 'yayw', 'Sed nulla omnis dolorum et nisi.', 'Commodi incidunt architecto ipsum cupiditate sed nemo officiis.');
INSERT INTO `contact_info` (`contact_info_id`, `phone_number`, `country_code`, `city`, `postal_code`, `address_one`, `address_two`) VALUES (39, '411-155-9550x756', 'hwe', 'Zitaview', 'ztxe', 'Reprehenderit facilis omnis et sed nesciunt soluta ex.', 'Eum ratione repellat voluptatem.');
INSERT INTO `contact_info` (`contact_info_id`, `phone_number`, `country_code`, `city`, `postal_code`, `address_one`, `address_two`) VALUES (40, '+48(1)8548794881', 'vqr', 'Port Marvinton', 'aaqu', 'Nihil fugit repudiandae mollitia praesentium.', 'Sed molestiae accusamus aut voluptatem vel.');


-- -----------------------------------------------------
-- Populating table: `discount_types`
-- -----------------------------------------------------

INSERT INTO `discount_types` (`discount_type_id`, `name`) VALUES (2, 'percent');
INSERT INTO `discount_types` (`discount_type_id`, `name`) VALUES (1, 'amount');


-- -----------------------------------------------------
-- Populating table: `discount_codes`
-- -----------------------------------------------------

INSERT INTO `discount_codes` (`discount_code_id`, `name`, `discount_type_id`, `value`, `valid_from`, `valid_to`, `remaining_uses`) VALUES (1, 'est', 1, '27.897', '1986-03-24 21:52:48', '2008-12-21 06:04:46', 34);
INSERT INTO `discount_codes` (`discount_code_id`, `name`, `discount_type_id`, `value`, `valid_from`, `valid_to`, `remaining_uses`) VALUES (2, 'et', 2, '5107100', '1981-11-28 14:56:59', '2012-11-22 16:39:28', 72);
INSERT INTO `discount_codes` (`discount_code_id`, `name`, `discount_type_id`, `value`, `valid_from`, `valid_to`, `remaining_uses`) VALUES (3, 'voluptatem', 1, '0', '1979-09-26 08:55:28', '1979-04-01 21:10:06', 6);
INSERT INTO `discount_codes` (`discount_code_id`, `name`, `discount_type_id`, `value`, `valid_from`, `valid_to`, `remaining_uses`) VALUES (4, 'consequuntur', 2, '0.5', '2020-11-13 04:50:18', '2005-06-21 13:38:56', 51);
INSERT INTO `discount_codes` (`discount_code_id`, `name`, `discount_type_id`, `value`, `valid_from`, `valid_to`, `remaining_uses`) VALUES (5, 'amet', 1, '15', '1988-11-27 07:41:40', '1972-06-08 23:56:28', 24);
INSERT INTO `discount_codes` (`discount_code_id`, `name`, `discount_type_id`, `value`, `valid_from`, `valid_to`, `remaining_uses`) VALUES (6, 'commodi', 2, '1', '1977-08-18 20:10:46', '1983-12-28 04:59:47', 54);
INSERT INTO `discount_codes` (`discount_code_id`, `name`, `discount_type_id`, `value`, `valid_from`, `valid_to`, `remaining_uses`) VALUES (7, 'rerum', 1, '0', '2016-05-12 17:34:25', '1975-08-14 12:55:22', 63);
INSERT INTO `discount_codes` (`discount_code_id`, `name`, `discount_type_id`, `value`, `valid_from`, `valid_to`, `remaining_uses`) VALUES (8, 'autem', 2, '15.8', '1996-08-25 21:47:01', '2015-10-18 06:57:14', 27);
INSERT INTO `discount_codes` (`discount_code_id`, `name`, `discount_type_id`, `value`, `valid_from`, `valid_to`, `remaining_uses`) VALUES (9, 'repellat', 1, '126.49', '1972-07-15 10:51:20', '2009-01-09 08:55:21', 94);
INSERT INTO `discount_codes` (`discount_code_id`, `name`, `discount_type_id`, `value`, `valid_from`, `valid_to`, `remaining_uses`) VALUES (10, 'hic', 2, '0', '1973-12-09 19:44:20', '1987-06-05 19:49:51', 47);
INSERT INTO `discount_codes` (`discount_code_id`, `name`, `discount_type_id`, `value`, `valid_from`, `valid_to`, `remaining_uses`) VALUES (11, 'sint', 1, '1.7', '1996-12-12 01:42:22', '1973-12-31 08:24:33', 28);
INSERT INTO `discount_codes` (`discount_code_id`, `name`, `discount_type_id`, `value`, `valid_from`, `valid_to`, `remaining_uses`) VALUES (12, 'ut', 2, '12503.8', '2019-01-18 03:59:37', '2004-10-18 20:28:20', 12);
INSERT INTO `discount_codes` (`discount_code_id`, `name`, `discount_type_id`, `value`, `valid_from`, `valid_to`, `remaining_uses`) VALUES (13, 'esse', 1, '6441.88', '2018-06-01 13:20:33', '1990-12-09 21:14:50', 97);
INSERT INTO `discount_codes` (`discount_code_id`, `name`, `discount_type_id`, `value`, `valid_from`, `valid_to`, `remaining_uses`) VALUES (14, 'cupiditate', 2, '22518.2', '1992-09-02 11:05:59', '1976-08-24 11:17:27', 87);
INSERT INTO `discount_codes` (`discount_code_id`, `name`, `discount_type_id`, `value`, `valid_from`, `valid_to`, `remaining_uses`) VALUES (15, 'suscipit', 1, '1705.5', '2011-08-10 06:22:14', '2009-10-24 19:52:21', 28);
INSERT INTO `discount_codes` (`discount_code_id`, `name`, `discount_type_id`, `value`, `valid_from`, `valid_to`, `remaining_uses`) VALUES (16, 'dignissimos', 2, '5.78284', '1976-06-26 00:28:06', '1996-01-29 13:41:28', 20);
INSERT INTO `discount_codes` (`discount_code_id`, `name`, `discount_type_id`, `value`, `valid_from`, `valid_to`, `remaining_uses`) VALUES (17, 'totam', 1, '25', '2003-06-26 00:17:54', '2004-06-14 09:35:51', 85);
INSERT INTO `discount_codes` (`discount_code_id`, `name`, `discount_type_id`, `value`, `valid_from`, `valid_to`, `remaining_uses`) VALUES (18, 'eius', 2, '1404', '1971-05-19 17:57:06', '2019-03-23 23:59:43', 81);
INSERT INTO `discount_codes` (`discount_code_id`, `name`, `discount_type_id`, `value`, `valid_from`, `valid_to`, `remaining_uses`) VALUES (19, 'voluptates', 1, '684272', '1999-01-06 02:42:24', '1975-02-22 22:48:59', 13);
INSERT INTO `discount_codes` (`discount_code_id`, `name`, `discount_type_id`, `value`, `valid_from`, `valid_to`, `remaining_uses`) VALUES (20, 'harum', 2, '38.6111', '1991-03-24 18:52:05', '2015-07-02 22:22:18', 56);


-- -----------------------------------------------------
-- Populating table: `sizes`
-- -----------------------------------------------------

INSERT INTO `sizes` (`size_id`, `name`, `width_mm`, `height_mm`, `price`) VALUES (1, 'optio', 408, 179, '0');
INSERT INTO `sizes` (`size_id`, `name`, `width_mm`, `height_mm`, `price`) VALUES (2, 'vero', 651, 898, '100');
INSERT INTO `sizes` (`size_id`, `name`, `width_mm`, `height_mm`, `price`) VALUES (3, 'qui', 909, 758, '134');
INSERT INTO `sizes` (`size_id`, `name`, `width_mm`, `height_mm`, `price`) VALUES (4, 'ipsum', 969, 922, '376.4');
INSERT INTO `sizes` (`size_id`, `name`, `width_mm`, `height_mm`, `price`) VALUES (5, 'suscipit', 469, 492, '29.9059');
INSERT INTO `sizes` (`size_id`, `name`, `width_mm`, `height_mm`, `price`) VALUES (6, 'rem', 809, 686, '123');
INSERT INTO `sizes` (`size_id`, `name`, `width_mm`, `height_mm`, `price`) VALUES (7, 'facilis', 197, 633, '800');
INSERT INTO `sizes` (`size_id`, `name`, `width_mm`, `height_mm`, `price`) VALUES (8, 'hic', 535, 472, '50');
INSERT INTO `sizes` (`size_id`, `name`, `width_mm`, `height_mm`, `price`) VALUES (9, 'a', 122, 627, '421.8');
INSERT INTO `sizes` (`size_id`, `name`, `width_mm`, `height_mm`, `price`) VALUES (10, 'reprehenderit', 915, 642, '100');
INSERT INTO `sizes` (`size_id`, `name`, `width_mm`, `height_mm`, `price`) VALUES (11, 'aut', 656, 646, '0');
INSERT INTO `sizes` (`size_id`, `name`, `width_mm`, `height_mm`, `price`) VALUES (12, 'sed', 852, 208, '285.74');
INSERT INTO `sizes` (`size_id`, `name`, `width_mm`, `height_mm`, `price`) VALUES (13, 'hic', 153, 596, '2');
INSERT INTO `sizes` (`size_id`, `name`, `width_mm`, `height_mm`, `price`) VALUES (14, 'commodi', 335, 323, '0');
INSERT INTO `sizes` (`size_id`, `name`, `width_mm`, `height_mm`, `price`) VALUES (15, 'eligendi', 699, 933, '384.028');
INSERT INTO `sizes` (`size_id`, `name`, `width_mm`, `height_mm`, `price`) VALUES (16, 'quisquam', 382, 663, '334');
INSERT INTO `sizes` (`size_id`, `name`, `width_mm`, `height_mm`, `price`) VALUES (17, 'sit', 515, 861, '23');
INSERT INTO `sizes` (`size_id`, `name`, `width_mm`, `height_mm`, `price`) VALUES (18, 'qui', 808, 401, '3.29948');
INSERT INTO `sizes` (`size_id`, `name`, `width_mm`, `height_mm`, `price`) VALUES (19, 'accusantium', 666, 102, '0.646507');
INSERT INTO `sizes` (`size_id`, `name`, `width_mm`, `height_mm`, `price`) VALUES (20, 'pariatur', 828, 848, '464.174');


-- -----------------------------------------------------
-- Populating table: `frames`
-- -----------------------------------------------------

INSERT INTO `frames` (`frame_id`, `discount_code_id`, `name`, `multiplier`, `material`, `size_id`) VALUES (1, 5, 'minima', '1.1', 'reprehenderit', 2);
INSERT INTO `frames` (`frame_id`, `discount_code_id`, `name`, `multiplier`, `material`, `size_id`) VALUES (2, 1, 'ullam', '1.5', 'quo', 15);
INSERT INTO `frames` (`frame_id`, `discount_code_id`, `name`, `multiplier`, `material`, `size_id`) VALUES (3, 3, 'ut', '1.5', 'vitae', 9);
INSERT INTO `frames` (`frame_id`, `discount_code_id`, `name`, `multiplier`, `material`, `size_id`) VALUES (4, 4, 'nostrum', '2', 'deleniti', 10);
INSERT INTO `frames` (`frame_id`, `discount_code_id`, `name`, `multiplier`, `material`, `size_id`) VALUES (5, 11, 'illum', '1.5', 'est', 6);
INSERT INTO `frames` (`frame_id`, `discount_code_id`, `name`, `multiplier`, `material`, `size_id`) VALUES (6, 15, 'cum', '1.54', 'error', 8);
INSERT INTO `frames` (`frame_id`, `discount_code_id`, `name`, `multiplier`, `material`, `size_id`) VALUES (7, 11, 'sequi', '1.5', 'labore', 17);
INSERT INTO `frames` (`frame_id`, `discount_code_id`, `name`, `multiplier`, `material`, `size_id`) VALUES (8, 6, 'unde', '1.5', 'qui', 1);
INSERT INTO `frames` (`frame_id`, `discount_code_id`, `name`, `multiplier`, `material`, `size_id`) VALUES (9, 16, 'id', '1.5', 'quisquam', 10);
INSERT INTO `frames` (`frame_id`, `discount_code_id`, `name`, `multiplier`, `material`, `size_id`) VALUES (10, 13, 'cumque', '1.5', 'a', 19);
INSERT INTO `frames` (`frame_id`, `discount_code_id`, `name`, `multiplier`, `material`, `size_id`) VALUES (11, 6, 'quo', '1.3', 'qui', 7);
INSERT INTO `frames` (`frame_id`, `discount_code_id`, `name`, `multiplier`, `material`, `size_id`) VALUES (12, 10, 'alias', '1.7', 'vel', 3);
INSERT INTO `frames` (`frame_id`, `discount_code_id`, `name`, `multiplier`, `material`, `size_id`) VALUES (13, 15, 'natus', '1.2', 'laboriosam', 16);
INSERT INTO `frames` (`frame_id`, `discount_code_id`, `name`, `multiplier`, `material`, `size_id`) VALUES (14, 11, 'odio', '1.5', 'officia', 3);
INSERT INTO `frames` (`frame_id`, `discount_code_id`, `name`, `multiplier`, `material`, `size_id`) VALUES (15, 6, 'sapiente', '1.5', 'nihil', 3);


-- -----------------------------------------------------
-- Populating table: `paper_types`
-- -----------------------------------------------------

INSERT INTO `paper_types` (`paper_type_id`, `name`, `multiplier`, `size_id`, `discount_code_id`) VALUES (1, 'iste', '9.99', 14, 12);
INSERT INTO `paper_types` (`paper_type_id`, `name`, `multiplier`, `size_id`, `discount_code_id`) VALUES (2, 'id', '9.99', 15, 4);
INSERT INTO `paper_types` (`paper_type_id`, `name`, `multiplier`, `size_id`, `discount_code_id`) VALUES (3, 'delectus', '9.99', 8, 19);
INSERT INTO `paper_types` (`paper_type_id`, `name`, `multiplier`, `size_id`, `discount_code_id`) VALUES (4, 'est', '9.99', 11, 12);
INSERT INTO `paper_types` (`paper_type_id`, `name`, `multiplier`, `size_id`, `discount_code_id`) VALUES (5, 'aperiam', '9.99', 2, 2);
INSERT INTO `paper_types` (`paper_type_id`, `name`, `multiplier`, `size_id`, `discount_code_id`) VALUES (6, 'neque', '2.00', 8, 17);
INSERT INTO `paper_types` (`paper_type_id`, `name`, `multiplier`, `size_id`, `discount_code_id`) VALUES (7, 'voluptatum', '9.99', 10, 13);
INSERT INTO `paper_types` (`paper_type_id`, `name`, `multiplier`, `size_id`, `discount_code_id`) VALUES (8, 'rerum', '5.71', 8, 8);
INSERT INTO `paper_types` (`paper_type_id`, `name`, `multiplier`, `size_id`, `discount_code_id`) VALUES (9, 'deleniti', '9.99', 4, 13);
INSERT INTO `paper_types` (`paper_type_id`, `name`, `multiplier`, `size_id`, `discount_code_id`) VALUES (10, 'error', '9.99', 2, 1);


-- -----------------------------------------------------
-- Populating table: `statuses`
-- -----------------------------------------------------

INSERT INTO `statuses` (`status_id`, `name`) VALUES (8, 'corrupti');
INSERT INTO `statuses` (`status_id`, `name`) VALUES (9, 'delectus');
INSERT INTO `statuses` (`status_id`, `name`) VALUES (4, 'dolorem');
INSERT INTO `statuses` (`status_id`, `name`) VALUES (2, 'esse');
INSERT INTO `statuses` (`status_id`, `name`) VALUES (5, 'est');
INSERT INTO `statuses` (`status_id`, `name`) VALUES (7, 'et');
INSERT INTO `statuses` (`status_id`, `name`) VALUES (1, 'harum');
INSERT INTO `statuses` (`status_id`, `name`) VALUES (3, 'illum');
INSERT INTO `statuses` (`status_id`, `name`) VALUES (6, 'rerum');
INSERT INTO `statuses` (`status_id`, `name`) VALUES (10, 'sit');


-- -----------------------------------------------------
-- Populating table: `subscription_types`
-- -----------------------------------------------------

INSERT INTO `subscription_types` (`subscription_type_id`, `name`, `monthly_price`, `image_amount`) VALUES (1, 'voluptatum', '1379.57', 3439780);
INSERT INTO `subscription_types` (`subscription_type_id`, `name`, `monthly_price`, `image_amount`) VALUES (2, 'corrupti', '108.936', 0);
INSERT INTO `subscription_types` (`subscription_type_id`, `name`, `monthly_price`, `image_amount`) VALUES (3, 'et', '21.3', 568676);
INSERT INTO `subscription_types` (`subscription_type_id`, `name`, `monthly_price`, `image_amount`) VALUES (4, 'molestiae', '2.02', 6397);
INSERT INTO `subscription_types` (`subscription_type_id`, `name`, `monthly_price`, `image_amount`) VALUES (5, 'quia', '233', 6);


-- -----------------------------------------------------
-- Populating table: `roles`
-- -----------------------------------------------------

INSERT INTO `roles` (`role_id`, `name`) VALUES (3, 'corporis');
INSERT INTO `roles` (`role_id`, `name`) VALUES (1, 'user');
INSERT INTO `roles` (`role_id`, `name`) VALUES (2, 'voluptatem');


-- -----------------------------------------------------
-- Populating table: `users`
-- -----------------------------------------------------

INSERT INTO `users` (`user_id`, `first_name`, `last_name`, `username`, `password`, `contact_info_id`, `role_id`, `auto_renew`) VALUES (1, 'Keenan', 'Dooley', 'admin', '$2b$10$SKGJvW8fEmzCaBFitFjfw.d5eSIW2QEeiW0Ge.zeyVhOdTG4i0RNG', 36, 3, NULL);
INSERT INTO `users` (`user_id`, `first_name`, `last_name`, `username`, `password`, `contact_info_id`, `role_id`, `auto_renew`) VALUES (2, 'Joana', 'Boyer', 'kbayer', '$2b$10$SKGJvW8fEmzCaBFitFjfw.d5eSIW2QEeiW0Ge.zeyVhOdTG4i0RNG', 13, 1, NULL);
INSERT INTO `users` (`user_id`, `first_name`, `last_name`, `username`, `password`, `contact_info_id`, `role_id`, `auto_renew`) VALUES (3, 'Clay', 'Cummings', 'lonny.becker', '$2b$10$SKGJvW8fEmzCaBFitFjfw.d5eSIW2QEeiW0Ge.zeyVhOdTG4i0RNG', 10, 2, NULL);
INSERT INTO `users` (`user_id`, `first_name`, `last_name`, `username`, `password`, `contact_info_id`, `role_id`, `auto_renew`) VALUES (4, 'Octavia', 'Weimann', 'brown.homenick', '$2b$10$SKGJvW8fEmzCaBFitFjfw.d5eSIW2QEeiW0Ge.zeyVhOdTG4i0RNG', 25, 3, NULL);
INSERT INTO `users` (`user_id`, `first_name`, `last_name`, `username`, `password`, `contact_info_id`, `role_id`, `auto_renew`) VALUES (5, 'Cody', 'Smith', 'caesar.stoltenberg', '$2b$10$SKGJvW8fEmzCaBFitFjfw.d5eSIW2QEeiW0Ge.zeyVhOdTG4i0RNG', 5, 2, NULL);
INSERT INTO `users` (`user_id`, `first_name`, `last_name`, `username`, `password`, `contact_info_id`, `role_id`, `auto_renew`) VALUES (6, 'Jaleel', 'Waters', 'liliane.gleason', '$2b$10$SKGJvW8fEmzCaBFitFjfw.d5eSIW2QEeiW0Ge.zeyVhOdTG4i0RNG', 32, 3, NULL);
INSERT INTO `users` (`user_id`, `first_name`, `last_name`, `username`, `password`, `contact_info_id`, `role_id`, `auto_renew`) VALUES (7, 'Haylee', 'Feest', 'joany.champlin', '$2b$10$SKGJvW8fEmzCaBFitFjfw.d5eSIW2QEeiW0Ge.zeyVhOdTG4i0RNG', 25, 3, NULL);
INSERT INTO `users` (`user_id`, `first_name`, `last_name`, `username`, `password`, `contact_info_id`, `role_id`, `auto_renew`) VALUES (8, 'Susanna', 'Rolfson', 'jermaine03', '$2b$10$SKGJvW8fEmzCaBFitFjfw.d5eSIW2QEeiW0Ge.zeyVhOdTG4i0RNG', 34, 1, NULL);
INSERT INTO `users` (`user_id`, `first_name`, `last_name`, `username`, `password`, `contact_info_id`, `role_id`, `auto_renew`) VALUES (9, 'Adaline', 'Denesik', 'bert87', '$2b$10$SKGJvW8fEmzCaBFitFjfw.d5eSIW2QEeiW0Ge.zeyVhOdTG4i0RNG', 17, 1, NULL);
INSERT INTO `users` (`user_id`, `first_name`, `last_name`, `username`, `password`, `contact_info_id`, `role_id`, `auto_renew`) VALUES (10, 'Beryl', 'Flatley', 'mylene93', '$2b$10$SKGJvW8fEmzCaBFitFjfw.d5eSIW2QEeiW0Ge.zeyVhOdTG4i0RNG', 27, 3, NULL);
INSERT INTO `users` (`user_id`, `first_name`, `last_name`, `username`, `password`, `contact_info_id`, `role_id`, `auto_renew`) VALUES (11, 'Tristian', 'Prohaska', 'gglover', '$2b$10$SKGJvW8fEmzCaBFitFjfw.d5eSIW2QEeiW0Ge.zeyVhOdTG4i0RNG', 17, 1, NULL);
INSERT INTO `users` (`user_id`, `first_name`, `last_name`, `username`, `password`, `contact_info_id`, `role_id`, `auto_renew`) VALUES (12, 'Greyson', 'Lynch', 'yhayes', '$2b$10$SKGJvW8fEmzCaBFitFjfw.d5eSIW2QEeiW0Ge.zeyVhOdTG4i0RNG', 10, 2, NULL);
INSERT INTO `users` (`user_id`, `first_name`, `last_name`, `username`, `password`, `contact_info_id`, `role_id`, `auto_renew`) VALUES (13, 'Thomas', 'Cremin', 'wunsch.flo', '$2b$10$SKGJvW8fEmzCaBFitFjfw.d5eSIW2QEeiW0Ge.zeyVhOdTG4i0RNG', 27, 2, NULL);
INSERT INTO `users` (`user_id`, `first_name`, `last_name`, `username`, `password`, `contact_info_id`, `role_id`, `auto_renew`) VALUES (14, 'Florida', 'Bailey', 'gwill', '$2b$10$SKGJvW8fEmzCaBFitFjfw.d5eSIW2QEeiW0Ge.zeyVhOdTG4i0RNG', 19, 2, NULL);
INSERT INTO `users` (`user_id`, `first_name`, `last_name`, `username`, `password`, `contact_info_id`, `role_id`, `auto_renew`) VALUES (15, 'Arthur', 'Kunze', 'osbaldo32', '$2b$10$SKGJvW8fEmzCaBFitFjfw.d5eSIW2QEeiW0Ge.zeyVhOdTG4i0RNG', 35, 3, NULL);
INSERT INTO `users` (`user_id`, `first_name`, `last_name`, `username`, `password`, `contact_info_id`, `role_id`, `auto_renew`) VALUES (16, 'Zola', 'Bauch', 'tania.fahey', '$2b$10$SKGJvW8fEmzCaBFitFjfw.d5eSIW2QEeiW0Ge.zeyVhOdTG4i0RNG', 22, 2, NULL);
INSERT INTO `users` (`user_id`, `first_name`, `last_name`, `username`, `password`, `contact_info_id`, `role_id`, `auto_renew`) VALUES (17, 'Jannie', 'Schamberger', 'andreanne16', '$2b$10$SKGJvW8fEmzCaBFitFjfw.d5eSIW2QEeiW0Ge.zeyVhOdTG4i0RNG', 2, 3, NULL);
INSERT INTO `users` (`user_id`, `first_name`, `last_name`, `username`, `password`, `contact_info_id`, `role_id`, `auto_renew`) VALUES (18, 'Bernardo', 'Ruecker', 'fahey.dasia', '$2b$10$SKGJvW8fEmzCaBFitFjfw.d5eSIW2QEeiW0Ge.zeyVhOdTG4i0RNG', 2, 1, NULL);
INSERT INTO `users` (`user_id`, `first_name`, `last_name`, `username`, `password`, `contact_info_id`, `role_id`, `auto_renew`) VALUES (19, 'Lucile', 'Koss', 'xweimann', '$2b$10$SKGJvW8fEmzCaBFitFjfw.d5eSIW2QEeiW0Ge.zeyVhOdTG4i0RNG', 4, 2, NULL);
INSERT INTO `users` (`user_id`, `first_name`, `last_name`, `username`, `password`, `contact_info_id`, `role_id`, `auto_renew`) VALUES (20, 'Princess', 'West', 'hilma.emard', '$2b$10$SKGJvW8fEmzCaBFitFjfw.d5eSIW2QEeiW0Ge.zeyVhOdTG4i0RNG', 38, 2, NULL);


-- -----------------------------------------------------
-- Populating table: `subscriptions`
-- -----------------------------------------------------

INSERT INTO `subscriptions` (`subscription_id`, `user_id`, `subscription_type_id`, `starts_at`, `ends_at`) VALUES (1, 1, 2, '2001-07-10 17:46:42', '1997-09-02 00:54:37');
INSERT INTO `subscriptions` (`subscription_id`, `user_id`, `subscription_type_id`, `starts_at`, `ends_at`) VALUES (2, 2, 2, '2009-12-10 19:46:15', '2009-08-29 08:17:36');
INSERT INTO `subscriptions` (`subscription_id`, `user_id`, `subscription_type_id`, `starts_at`, `ends_at`) VALUES (3, 3, 5, '1976-06-08 23:35:57', '2016-10-03 05:15:08');
INSERT INTO `subscriptions` (`subscription_id`, `user_id`, `subscription_type_id`, `starts_at`, `ends_at`) VALUES (4, 4, 3, '1984-04-22 22:20:53', '2016-05-02 02:48:50');
INSERT INTO `subscriptions` (`subscription_id`, `user_id`, `subscription_type_id`, `starts_at`, `ends_at`) VALUES (5, 5, 1, '2012-10-13 16:23:04', '1991-07-11 23:12:40');
INSERT INTO `subscriptions` (`subscription_id`, `user_id`, `subscription_type_id`, `starts_at`, `ends_at`) VALUES (6, 6, 4, '2016-06-28 11:13:33', '2002-04-15 16:21:31');
INSERT INTO `subscriptions` (`subscription_id`, `user_id`, `subscription_type_id`, `starts_at`, `ends_at`) VALUES (7, 7, 5, '2003-06-30 03:28:27', '2004-09-07 07:17:23');
INSERT INTO `subscriptions` (`subscription_id`, `user_id`, `subscription_type_id`, `starts_at`, `ends_at`) VALUES (8, 8, 2, '1984-07-18 15:37:23', '1975-02-24 12:27:17');
INSERT INTO `subscriptions` (`subscription_id`, `user_id`, `subscription_type_id`, `starts_at`, `ends_at`) VALUES (9, 9, 3, '2008-05-10 21:04:59', '2016-09-07 13:43:22');
INSERT INTO `subscriptions` (`subscription_id`, `user_id`, `subscription_type_id`, `starts_at`, `ends_at`) VALUES (10, 10, 5, '1981-01-31 09:41:00', '2007-08-02 04:11:41');
INSERT INTO `subscriptions` (`subscription_id`, `user_id`, `subscription_type_id`, `starts_at`, `ends_at`) VALUES (11, 11, 3, '1996-09-21 20:59:35', '1988-08-07 10:23:53');
INSERT INTO `subscriptions` (`subscription_id`, `user_id`, `subscription_type_id`, `starts_at`, `ends_at`) VALUES (12, 12, 3, '1988-10-24 12:03:14', '2013-07-26 01:05:03');
INSERT INTO `subscriptions` (`subscription_id`, `user_id`, `subscription_type_id`, `starts_at`, `ends_at`) VALUES (13, 13, 3, '2018-04-04 05:48:31', '2016-01-11 23:23:30');
INSERT INTO `subscriptions` (`subscription_id`, `user_id`, `subscription_type_id`, `starts_at`, `ends_at`) VALUES (14, 14, 4, '1992-07-27 20:56:32', '2019-08-08 18:18:50');
INSERT INTO `subscriptions` (`subscription_id`, `user_id`, `subscription_type_id`, `starts_at`, `ends_at`) VALUES (15, 15, 1, '2021-07-27 22:23:58', '2000-06-22 19:01:51');
INSERT INTO `subscriptions` (`subscription_id`, `user_id`, `subscription_type_id`, `starts_at`, `ends_at`) VALUES (16, 16, 2, '1993-05-05 11:36:00', '1971-08-27 17:37:27');
INSERT INTO `subscriptions` (`subscription_id`, `user_id`, `subscription_type_id`, `starts_at`, `ends_at`) VALUES (17, 17, 1, '1984-05-21 16:34:31', '1975-03-19 16:25:52');
INSERT INTO `subscriptions` (`subscription_id`, `user_id`, `subscription_type_id`, `starts_at`, `ends_at`) VALUES (18, 18, 1, '2004-10-02 13:37:38', '2006-12-30 02:44:36');
INSERT INTO `subscriptions` (`subscription_id`, `user_id`, `subscription_type_id`, `starts_at`, `ends_at`) VALUES (19, 19, 2, '2011-10-16 23:51:41', '1994-05-24 19:44:27');
INSERT INTO `subscriptions` (`subscription_id`, `user_id`, `subscription_type_id`, `starts_at`, `ends_at`) VALUES (20, 20, 1, '1978-11-05 23:49:29', '2007-01-04 01:19:27');


-- -----------------------------------------------------
-- Populating table: `orders`
-- -----------------------------------------------------

INSERT INTO `orders` (`order_id`, `discount_code_id`, `user_id`, `billing_contact_info_id`, `status_id`, `order_price`, `total_price_saved`, `created_at`) VALUES (1, 1, 12, 27, 10, '819.701', '423.1', '2022-03-19 16:49:26');
INSERT INTO `orders` (`order_id`, `discount_code_id`, `user_id`, `billing_contact_info_id`, `status_id`, `order_price`, `total_price_saved`, `created_at`) VALUES (2, 10, 20, 25, 1, '4470.9', '140.5', '1992-03-16 12:41:10');
INSERT INTO `orders` (`order_id`, `discount_code_id`, `user_id`, `billing_contact_info_id`, `status_id`, `order_price`, `total_price_saved`, `created_at`) VALUES (3, 11, 3, 12, 9, '1240.12', '312.62', '2022-03-19 16:49:26');
INSERT INTO `orders` (`order_id`, `discount_code_id`, `user_id`, `billing_contact_info_id`, `status_id`, `order_price`, `total_price_saved`, `created_at`) VALUES (4, 20, 7, 28, 5, '2590.32', '100.22', '1988-09-11 10:49:28');
INSERT INTO `orders` (`order_id`, `discount_code_id`, `user_id`, `billing_contact_info_id`, `status_id`, `order_price`, `total_price_saved`, `created_at`) VALUES (5, 2, 9, 1, 9, '7251.72', '1438.59', '2022-03-19 16:49:26');
INSERT INTO `orders` (`order_id`, `discount_code_id`, `user_id`, `billing_contact_info_id`, `status_id`, `order_price`, `total_price_saved`, `created_at`) VALUES (6, 9, 11, 33, 4, '537.1', '9.16', '2022-02-19 16:49:26');
INSERT INTO `orders` (`order_id`, `discount_code_id`, `user_id`, `billing_contact_info_id`, `status_id`, `order_price`, `total_price_saved`, `created_at`) VALUES (7, 2, 3, 1, 4, '123.23', '3.29', '1980-11-08 04:39:52');
INSERT INTO `orders` (`order_id`, `discount_code_id`, `user_id`, `billing_contact_info_id`, `status_id`, `order_price`, `total_price_saved`, `created_at`) VALUES (8, 20, 18, 28, 10, '2.46', '9.35', '2022-02-19 16:49:26');
INSERT INTO `orders` (`order_id`, `discount_code_id`, `user_id`, `billing_contact_info_id`, `status_id`, `order_price`, `total_price_saved`, `created_at`) VALUES (9, 10, 7, 36, 10, '641.12', '100.22', '2022-02-19 16:49:26');
INSERT INTO `orders` (`order_id`, `discount_code_id`, `user_id`, `billing_contact_info_id`, `status_id`, `order_price`, `total_price_saved`, `created_at`) VALUES (10, 7, 11, 1, 9, '223.22', '400.2', '1984-01-29 05:04:30');
INSERT INTO `orders` (`order_id`, `discount_code_id`, `user_id`, `billing_contact_info_id`, `status_id`, `order_price`, `total_price_saved`, `created_at`) VALUES (11, 14, 6, 28, 7, '5915.51', '994.01', '1973-05-02 09:28:22');
INSERT INTO `orders` (`order_id`, `discount_code_id`, `user_id`, `billing_contact_info_id`, `status_id`, `order_price`, `total_price_saved`, `created_at`) VALUES (12, 13, 8, 6, 8, '567.22', '0.32', '2009-08-15 11:47:11');
INSERT INTO `orders` (`order_id`, `discount_code_id`, `user_id`, `billing_contact_info_id`, `status_id`, `order_price`, `total_price_saved`, `created_at`) VALUES (13, 17, 3, 23, 3, '59.55', '7.3', '2017-02-06 03:56:44');
INSERT INTO `orders` (`order_id`, `discount_code_id`, `user_id`, `billing_contact_info_id`, `status_id`, `order_price`, `total_price_saved`, `created_at`) VALUES (14, 14, 8, 23, 8, '218.59', '20.23', '1971-09-09 05:10:30');
INSERT INTO `orders` (`order_id`, `discount_code_id`, `user_id`, `billing_contact_info_id`, `status_id`, `order_price`, `total_price_saved`, `created_at`) VALUES (15, 11, 12, 7, 5, '43511.4', '0.232', '2016-03-28 00:19:09');
INSERT INTO `orders` (`order_id`, `discount_code_id`, `user_id`, `billing_contact_info_id`, `status_id`, `order_price`, `total_price_saved`, `created_at`) VALUES (16, 10, 17, 19, 10, '3512.22', '300.32', '2004-12-29 03:02:30');
INSERT INTO `orders` (`order_id`, `discount_code_id`, `user_id`, `billing_contact_info_id`, `status_id`, `order_price`, `total_price_saved`, `created_at`) VALUES (17, 4, 8, 36, 6, '13.1', '2.26', '1976-05-22 17:11:13');
INSERT INTO `orders` (`order_id`, `discount_code_id`, `user_id`, `billing_contact_info_id`, `status_id`, `order_price`, `total_price_saved`, `created_at`) VALUES (18, 18, 18, 16, 6, '643.8', '78.5', '1974-04-21 21:27:01');
INSERT INTO `orders` (`order_id`, `discount_code_id`, `user_id`, `billing_contact_info_id`, `status_id`, `order_price`, `total_price_saved`, `created_at`) VALUES (19, 4, 2, 7, 9, '308.23', '13.53', '1984-09-01 06:35:11');
INSERT INTO `orders` (`order_id`, `discount_code_id`, `user_id`, `billing_contact_info_id`, `status_id`, `order_price`, `total_price_saved`, `created_at`) VALUES (20, 10, 6, 21, 3, '1099.32', '414.74', '1984-08-20 20:40:42');
INSERT INTO `orders` (`order_id`, `discount_code_id`, `user_id`, `billing_contact_info_id`, `status_id`, `order_price`, `total_price_saved`, `created_at`) VALUES (21, 9, 2, 20, 2, '3630.232', '9.7', '2012-04-01 15:22:04');
INSERT INTO `orders` (`order_id`, `discount_code_id`, `user_id`, `billing_contact_info_id`, `status_id`, `order_price`, `total_price_saved`, `created_at`) VALUES (22, 10, 1, 36, 10, '8456.19', '40.22', '1988-04-22 10:36:13');
INSERT INTO `orders` (`order_id`, `discount_code_id`, `user_id`, `billing_contact_info_id`, `status_id`, `order_price`, `total_price_saved`, `created_at`) VALUES (23, 13, 1, 19, 1, '864.2', '7374.23', '2021-08-07 07:31:19');
INSERT INTO `orders` (`order_id`, `discount_code_id`, `user_id`, `billing_contact_info_id`, `status_id`, `order_price`, `total_price_saved`, `created_at`) VALUES (24, 18, 19, 2, 1, '8864.22', '1000.23', '1971-03-03 02:03:41');
INSERT INTO `orders` (`order_id`, `discount_code_id`, `user_id`, `billing_contact_info_id`, `status_id`, `order_price`, `total_price_saved`, `created_at`) VALUES (25, 6, 19, 25, 2, '47330.22', '442.32', '1995-03-15 18:32:42');
INSERT INTO `orders` (`order_id`, `discount_code_id`, `user_id`, `billing_contact_info_id`, `status_id`, `order_price`, `total_price_saved`, `created_at`) VALUES (26, 17, 1, 27, 1, '1000.23', '33.22', '1977-05-13 03:23:32');
INSERT INTO `orders` (`order_id`, `discount_code_id`, `user_id`, `billing_contact_info_id`, `status_id`, `order_price`, `total_price_saved`, `created_at`) VALUES (27, 2, 17, 33, 6, '540.6', '61.8', '1970-10-10 15:14:37');
INSERT INTO `orders` (`order_id`, `discount_code_id`, `user_id`, `billing_contact_info_id`, `status_id`, `order_price`, `total_price_saved`, `created_at`) VALUES (28, 3, 7, 33, 6, '157.22', '22.2', '2015-05-01 20:50:59');
INSERT INTO `orders` (`order_id`, `discount_code_id`, `user_id`, `billing_contact_info_id`, `status_id`, `order_price`, `total_price_saved`, `created_at`) VALUES (29, 8, 6, 29, 9, '12005.2', '280.3', '1972-04-29 04:19:50');
INSERT INTO `orders` (`order_id`, `discount_code_id`, `user_id`, `billing_contact_info_id`, `status_id`, `order_price`, `total_price_saved`, `created_at`) VALUES (30, 7, 13, 35, 10, '5786.53', '388.23', '2001-05-25 06:46:49');


-- -----------------------------------------------------
-- Populating table: `invoices`
-- -----------------------------------------------------

INSERT INTO `invoices` (`invoice_id`, `order_id`, `created_at`) VALUES (1, 1, '1997-08-15 18:28:38');
INSERT INTO `invoices` (`invoice_id`, `order_id`, `created_at`) VALUES (2, 2, '1991-12-28 07:49:16');
INSERT INTO `invoices` (`invoice_id`, `order_id`, `created_at`) VALUES (3, 3, '2012-11-01 22:22:16');
INSERT INTO `invoices` (`invoice_id`, `order_id`, `created_at`) VALUES (4, 4, '2008-05-20 06:31:04');
INSERT INTO `invoices` (`invoice_id`, `order_id`, `created_at`) VALUES (5, 5, '1988-06-09 15:58:22');
INSERT INTO `invoices` (`invoice_id`, `order_id`, `created_at`) VALUES (6, 6, '2012-01-16 00:28:31');
INSERT INTO `invoices` (`invoice_id`, `order_id`, `created_at`) VALUES (7, 7, '1979-03-31 03:15:01');
INSERT INTO `invoices` (`invoice_id`, `order_id`, `created_at`) VALUES (8, 8, '1982-02-24 20:26:54');
INSERT INTO `invoices` (`invoice_id`, `order_id`, `created_at`) VALUES (9, 9, '2007-02-12 16:13:45');
INSERT INTO `invoices` (`invoice_id`, `order_id`, `created_at`) VALUES (10, 10, '2005-04-24 01:39:19');
INSERT INTO `invoices` (`invoice_id`, `order_id`, `created_at`) VALUES (11, 11, '2018-12-03 20:22:01');
INSERT INTO `invoices` (`invoice_id`, `order_id`, `created_at`) VALUES (12, 12, '2005-04-18 19:07:39');
INSERT INTO `invoices` (`invoice_id`, `order_id`, `created_at`) VALUES (13, 13, '1992-07-11 07:51:16');
INSERT INTO `invoices` (`invoice_id`, `order_id`, `created_at`) VALUES (14, 14, '1976-05-08 16:25:10');
INSERT INTO `invoices` (`invoice_id`, `order_id`, `created_at`) VALUES (15, 15, '1983-10-11 08:34:17');
INSERT INTO `invoices` (`invoice_id`, `order_id`, `created_at`) VALUES (16, 16, '2020-02-19 18:34:45');
INSERT INTO `invoices` (`invoice_id`, `order_id`, `created_at`) VALUES (17, 17, '1991-08-16 02:23:02');
INSERT INTO `invoices` (`invoice_id`, `order_id`, `created_at`) VALUES (18, 18, '2013-03-11 17:21:19');
INSERT INTO `invoices` (`invoice_id`, `order_id`, `created_at`) VALUES (19, 19, '2000-01-30 23:49:55');
INSERT INTO `invoices` (`invoice_id`, `order_id`, `created_at`) VALUES (20, 20, '1979-06-08 18:40:47');
INSERT INTO `invoices` (`invoice_id`, `order_id`, `created_at`) VALUES (21, 21, '2019-06-16 22:32:44');
INSERT INTO `invoices` (`invoice_id`, `order_id`, `created_at`) VALUES (22, 22, '1990-11-30 11:14:44');
INSERT INTO `invoices` (`invoice_id`, `order_id`, `created_at`) VALUES (23, 23, '1979-03-31 05:54:29');
INSERT INTO `invoices` (`invoice_id`, `order_id`, `created_at`) VALUES (24, 24, '2011-04-16 09:45:14');
INSERT INTO `invoices` (`invoice_id`, `order_id`, `created_at`) VALUES (25, 25, '1984-10-16 12:46:22');
INSERT INTO `invoices` (`invoice_id`, `order_id`, `created_at`) VALUES (26, 26, '1981-04-08 22:56:42');
INSERT INTO `invoices` (`invoice_id`, `order_id`, `created_at`) VALUES (27, 27, '1980-07-25 03:44:10');
INSERT INTO `invoices` (`invoice_id`, `order_id`, `created_at`) VALUES (28, 28, '1979-03-15 15:10:06');
INSERT INTO `invoices` (`invoice_id`, `order_id`, `created_at`) VALUES (29, 29, '1996-10-30 11:29:22');
INSERT INTO `invoices` (`invoice_id`, `order_id`, `created_at`) VALUES (30, 30, '1985-08-15 22:16:05');


-- -----------------------------------------------------
-- Populating table: `picture_data`
-- -----------------------------------------------------

INSERT INTO `picture_data` (`picture_data_id`, `user_id`, `image_url`, `uploaded_at`) VALUES (1, 17, 'http://dooley.com/', '1973-09-09 19:40:23');
INSERT INTO `picture_data` (`picture_data_id`, `user_id`, `image_url`, `uploaded_at`) VALUES (2, 8, 'http://www.fadeldavis.biz/', '1974-06-04 08:21:32');
INSERT INTO `picture_data` (`picture_data_id`, `user_id`, `image_url`, `uploaded_at`) VALUES (3, 12, 'http://mitchell.net/', '2000-08-24 22:04:29');
INSERT INTO `picture_data` (`picture_data_id`, `user_id`, `image_url`, `uploaded_at`) VALUES (4, 12, 'http://www.boscoreichert.com/', '2014-07-21 21:37:00');
INSERT INTO `picture_data` (`picture_data_id`, `user_id`, `image_url`, `uploaded_at`) VALUES (5, 15, 'http://wisozkreilly.org/', '2010-06-25 12:10:36');
INSERT INTO `picture_data` (`picture_data_id`, `user_id`, `image_url`, `uploaded_at`) VALUES (6, 4, 'http://harberhartmann.org/', '2013-05-15 11:43:03');
INSERT INTO `picture_data` (`picture_data_id`, `user_id`, `image_url`, `uploaded_at`) VALUES (7, 18, 'http://www.ruecker.com/', '1991-09-24 09:06:16');
INSERT INTO `picture_data` (`picture_data_id`, `user_id`, `image_url`, `uploaded_at`) VALUES (8, 17, 'http://farrell.com/', '2017-01-04 14:32:58');
INSERT INTO `picture_data` (`picture_data_id`, `user_id`, `image_url`, `uploaded_at`) VALUES (9, 16, 'http://pollich.com/', '2018-03-10 11:50:01');
INSERT INTO `picture_data` (`picture_data_id`, `user_id`, `image_url`, `uploaded_at`) VALUES (10, 17, 'http://www.raynor.com/', '1976-10-05 15:32:12');
INSERT INTO `picture_data` (`picture_data_id`, `user_id`, `image_url`, `uploaded_at`) VALUES (11, 1, 'http://www.murray.biz/', '2006-09-15 04:10:35');
INSERT INTO `picture_data` (`picture_data_id`, `user_id`, `image_url`, `uploaded_at`) VALUES (12, 14, 'http://www.beer.com/', '1993-02-08 17:22:22');
INSERT INTO `picture_data` (`picture_data_id`, `user_id`, `image_url`, `uploaded_at`) VALUES (13, 8, 'http://langschaden.com/', '1986-05-20 10:28:25');
INSERT INTO `picture_data` (`picture_data_id`, `user_id`, `image_url`, `uploaded_at`) VALUES (14, 1, 'http://www.bashirian.com/', '1980-08-24 01:39:14');
INSERT INTO `picture_data` (`picture_data_id`, `user_id`, `image_url`, `uploaded_at`) VALUES (15, 11, 'http://www.berge.org/', '1990-08-09 14:38:22');
INSERT INTO `picture_data` (`picture_data_id`, `user_id`, `image_url`, `uploaded_at`) VALUES (16, 10, 'http://www.volkman.com/', '2012-04-24 22:27:46');
INSERT INTO `picture_data` (`picture_data_id`, `user_id`, `image_url`, `uploaded_at`) VALUES (17, 15, 'http://www.leffler.org/', '1993-02-06 20:11:48');
INSERT INTO `picture_data` (`picture_data_id`, `user_id`, `image_url`, `uploaded_at`) VALUES (18, 15, 'http://www.koepp.net/', '1997-09-11 18:23:46');
INSERT INTO `picture_data` (`picture_data_id`, `user_id`, `image_url`, `uploaded_at`) VALUES (19, 9, 'http://wunsch.com/', '2015-10-20 07:25:10');
INSERT INTO `picture_data` (`picture_data_id`, `user_id`, `image_url`, `uploaded_at`) VALUES (20, 19, 'http://deckow.com/', '1983-12-21 04:33:19');
INSERT INTO `picture_data` (`picture_data_id`, `user_id`, `image_url`, `uploaded_at`) VALUES (21, 11, 'http://www.daugherty.com/', '2001-06-15 13:27:15');
INSERT INTO `picture_data` (`picture_data_id`, `user_id`, `image_url`, `uploaded_at`) VALUES (22, 5, 'http://www.goldner.com/', '2011-03-17 00:43:11');
INSERT INTO `picture_data` (`picture_data_id`, `user_id`, `image_url`, `uploaded_at`) VALUES (23, 12, 'http://www.schuster.net/', '1979-03-11 04:23:22');
INSERT INTO `picture_data` (`picture_data_id`, `user_id`, `image_url`, `uploaded_at`) VALUES (24, 15, 'http://gorczanyhuel.com/', '1987-08-08 01:10:14');
INSERT INTO `picture_data` (`picture_data_id`, `user_id`, `image_url`, `uploaded_at`) VALUES (25, 9, 'http://kunzelittle.info/', '2000-10-22 22:41:18');
INSERT INTO `picture_data` (`picture_data_id`, `user_id`, `image_url`, `uploaded_at`) VALUES (26, 3, 'http://www.hudson.com/', '1973-02-02 06:07:11');
INSERT INTO `picture_data` (`picture_data_id`, `user_id`, `image_url`, `uploaded_at`) VALUES (27, 14, 'http://cristryan.biz/', '2013-04-21 00:18:38');
INSERT INTO `picture_data` (`picture_data_id`, `user_id`, `image_url`, `uploaded_at`) VALUES (28, 20, 'http://www.jenkins.com/', '2002-08-25 16:46:17');
INSERT INTO `picture_data` (`picture_data_id`, `user_id`, `image_url`, `uploaded_at`) VALUES (29, 5, 'http://dickinson.info/', '2000-04-16 06:56:26');
INSERT INTO `picture_data` (`picture_data_id`, `user_id`, `image_url`, `uploaded_at`) VALUES (30, 12, 'http://gulgowski.info/', '2001-03-22 10:31:22');
INSERT INTO `picture_data` (`picture_data_id`, `user_id`, `image_url`, `uploaded_at`) VALUES (31, 12, 'http://www.muller.com/', '2016-10-02 13:00:30');
INSERT INTO `picture_data` (`picture_data_id`, `user_id`, `image_url`, `uploaded_at`) VALUES (32, 2, 'http://goodwin.com/', '2008-01-05 17:15:03');
INSERT INTO `picture_data` (`picture_data_id`, `user_id`, `image_url`, `uploaded_at`) VALUES (33, 20, 'http://www.murphylabadie.org/', '1981-12-08 06:31:43');
INSERT INTO `picture_data` (`picture_data_id`, `user_id`, `image_url`, `uploaded_at`) VALUES (34, 3, 'http://dareswaniawski.com/', '2008-08-03 04:00:55');
INSERT INTO `picture_data` (`picture_data_id`, `user_id`, `image_url`, `uploaded_at`) VALUES (35, 14, 'http://schamberger.com/', '1973-11-01 10:59:07');
INSERT INTO `picture_data` (`picture_data_id`, `user_id`, `image_url`, `uploaded_at`) VALUES (36, 15, 'http://okuneva.net/', '2009-02-09 15:37:17');
INSERT INTO `picture_data` (`picture_data_id`, `user_id`, `image_url`, `uploaded_at`) VALUES (37, 6, 'http://www.moen.net/', '1990-08-06 00:18:45');
INSERT INTO `picture_data` (`picture_data_id`, `user_id`, `image_url`, `uploaded_at`) VALUES (38, 11, 'http://robel.com/', '2021-07-30 21:24:32');
INSERT INTO `picture_data` (`picture_data_id`, `user_id`, `image_url`, `uploaded_at`) VALUES (39, 11, 'http://www.wintheiser.com/', '2005-11-24 21:47:08');
INSERT INTO `picture_data` (`picture_data_id`, `user_id`, `image_url`, `uploaded_at`) VALUES (40, 2, 'http://hansenveum.net/', '1979-09-18 19:48:36');
INSERT INTO `picture_data` (`picture_data_id`, `user_id`, `image_url`, `uploaded_at`) VALUES (41, 7, 'http://wardcole.net/', '2008-09-24 00:36:00');
INSERT INTO `picture_data` (`picture_data_id`, `user_id`, `image_url`, `uploaded_at`) VALUES (42, 12, 'http://kirlin.info/', '1994-01-02 11:21:29');
INSERT INTO `picture_data` (`picture_data_id`, `user_id`, `image_url`, `uploaded_at`) VALUES (43, 15, 'http://www.skiles.com/', '1998-05-04 03:35:07');
INSERT INTO `picture_data` (`picture_data_id`, `user_id`, `image_url`, `uploaded_at`) VALUES (44, 15, 'http://www.ernser.org/', '2018-06-25 10:48:43');
INSERT INTO `picture_data` (`picture_data_id`, `user_id`, `image_url`, `uploaded_at`) VALUES (45, 12, 'http://kiehnemmerich.info/', '1977-05-26 23:26:44');
INSERT INTO `picture_data` (`picture_data_id`, `user_id`, `image_url`, `uploaded_at`) VALUES (46, 6, 'http://www.hermankuvalis.info/', '2015-04-27 12:39:22');
INSERT INTO `picture_data` (`picture_data_id`, `user_id`, `image_url`, `uploaded_at`) VALUES (47, 5, 'http://wunsch.com/', '2014-05-12 12:36:49');
INSERT INTO `picture_data` (`picture_data_id`, `user_id`, `image_url`, `uploaded_at`) VALUES (48, 7, 'http://www.blickcasper.com/', '2006-11-25 01:11:32');
INSERT INTO `picture_data` (`picture_data_id`, `user_id`, `image_url`, `uploaded_at`) VALUES (49, 1, 'http://west.biz/', '2013-07-25 09:09:44');
INSERT INTO `picture_data` (`picture_data_id`, `user_id`, `image_url`, `uploaded_at`) VALUES (50, 13, 'http://www.okeefedoyle.org/', '1983-08-01 11:01:56');
INSERT INTO `picture_data` (`picture_data_id`, `user_id`, `image_url`, `uploaded_at`) VALUES (51, 6, 'http://pagacmosciski.org/', '1999-01-09 15:14:42');
INSERT INTO `picture_data` (`picture_data_id`, `user_id`, `image_url`, `uploaded_at`) VALUES (52, 11, 'http://www.rolfsonmckenzie.info/', '2014-12-09 04:13:09');
INSERT INTO `picture_data` (`picture_data_id`, `user_id`, `image_url`, `uploaded_at`) VALUES (53, 17, 'http://nicolas.info/', '2001-12-05 23:29:40');
INSERT INTO `picture_data` (`picture_data_id`, `user_id`, `image_url`, `uploaded_at`) VALUES (54, 18, 'http://www.tremblayheller.biz/', '2014-04-18 04:02:29');
INSERT INTO `picture_data` (`picture_data_id`, `user_id`, `image_url`, `uploaded_at`) VALUES (55, 6, 'http://robelrogahn.org/', '2004-07-23 02:48:36');
INSERT INTO `picture_data` (`picture_data_id`, `user_id`, `image_url`, `uploaded_at`) VALUES (56, 6, 'http://www.hirthe.info/', '1974-11-22 21:46:34');
INSERT INTO `picture_data` (`picture_data_id`, `user_id`, `image_url`, `uploaded_at`) VALUES (57, 20, 'http://simonisfunk.org/', '1995-02-10 14:23:52');
INSERT INTO `picture_data` (`picture_data_id`, `user_id`, `image_url`, `uploaded_at`) VALUES (58, 20, 'http://www.christiansen.com/', '1972-07-11 18:55:46');
INSERT INTO `picture_data` (`picture_data_id`, `user_id`, `image_url`, `uploaded_at`) VALUES (59, 6, 'http://www.tromp.com/', '2015-12-19 11:24:47');
INSERT INTO `picture_data` (`picture_data_id`, `user_id`, `image_url`, `uploaded_at`) VALUES (60, 5, 'http://purdymcglynn.biz/', '2007-12-17 05:45:19');
INSERT INTO `picture_data` (`picture_data_id`, `user_id`, `image_url`, `uploaded_at`) VALUES (61, 12, 'http://www.heaney.com/', '1997-11-18 19:23:13');
INSERT INTO `picture_data` (`picture_data_id`, `user_id`, `image_url`, `uploaded_at`) VALUES (62, 17, 'http://cassinbeahan.com/', '1982-04-09 18:37:57');
INSERT INTO `picture_data` (`picture_data_id`, `user_id`, `image_url`, `uploaded_at`) VALUES (63, 7, 'http://walterreynolds.net/', '2015-01-21 05:49:42');
INSERT INTO `picture_data` (`picture_data_id`, `user_id`, `image_url`, `uploaded_at`) VALUES (64, 11, 'http://wolfdicki.com/', '2000-03-14 20:07:37');
INSERT INTO `picture_data` (`picture_data_id`, `user_id`, `image_url`, `uploaded_at`) VALUES (65, 19, 'http://www.shields.com/', '2016-05-10 01:10:54');
INSERT INTO `picture_data` (`picture_data_id`, `user_id`, `image_url`, `uploaded_at`) VALUES (66, 20, 'http://www.schmidt.org/', '2022-01-29 17:15:28');
INSERT INTO `picture_data` (`picture_data_id`, `user_id`, `image_url`, `uploaded_at`) VALUES (67, 5, 'http://boyer.com/', '1999-02-01 15:20:08');
INSERT INTO `picture_data` (`picture_data_id`, `user_id`, `image_url`, `uploaded_at`) VALUES (68, 5, 'http://conroy.com/', '1983-12-23 07:44:18');
INSERT INTO `picture_data` (`picture_data_id`, `user_id`, `image_url`, `uploaded_at`) VALUES (69, 11, 'http://www.legroseffertz.com/', '1982-01-12 03:03:27');
INSERT INTO `picture_data` (`picture_data_id`, `user_id`, `image_url`, `uploaded_at`) VALUES (70, 16, 'http://www.hammes.org/', '2019-07-07 21:16:18');
INSERT INTO `picture_data` (`picture_data_id`, `user_id`, `image_url`, `uploaded_at`) VALUES (71, 6, 'http://blanda.com/', '1992-04-02 03:03:07');
INSERT INTO `picture_data` (`picture_data_id`, `user_id`, `image_url`, `uploaded_at`) VALUES (72, 18, 'http://www.kilback.com/', '2020-12-18 17:44:59');
INSERT INTO `picture_data` (`picture_data_id`, `user_id`, `image_url`, `uploaded_at`) VALUES (73, 7, 'http://bins.info/', '1970-04-24 11:41:02');
INSERT INTO `picture_data` (`picture_data_id`, `user_id`, `image_url`, `uploaded_at`) VALUES (74, 1, 'http://www.walter.com/', '2021-07-02 12:05:41');
INSERT INTO `picture_data` (`picture_data_id`, `user_id`, `image_url`, `uploaded_at`) VALUES (75, 12, 'http://www.fritsch.net/', '2009-03-23 19:24:11');
INSERT INTO `picture_data` (`picture_data_id`, `user_id`, `image_url`, `uploaded_at`) VALUES (76, 19, 'http://www.pollich.com/', '2005-04-23 12:10:13');
INSERT INTO `picture_data` (`picture_data_id`, `user_id`, `image_url`, `uploaded_at`) VALUES (77, 7, 'http://bahringer.com/', '2008-10-21 13:26:55');
INSERT INTO `picture_data` (`picture_data_id`, `user_id`, `image_url`, `uploaded_at`) VALUES (78, 16, 'http://glover.com/', '1984-05-19 02:51:48');
INSERT INTO `picture_data` (`picture_data_id`, `user_id`, `image_url`, `uploaded_at`) VALUES (79, 5, 'http://hodkiewicz.com/', '1971-06-27 11:37:49');
INSERT INTO `picture_data` (`picture_data_id`, `user_id`, `image_url`, `uploaded_at`) VALUES (80, 7, 'http://www.stoltenberg.com/', '1989-10-18 12:30:14');
INSERT INTO `picture_data` (`picture_data_id`, `user_id`, `image_url`, `uploaded_at`) VALUES (81, 9, 'http://www.runte.net/', '1986-01-03 16:10:21');
INSERT INTO `picture_data` (`picture_data_id`, `user_id`, `image_url`, `uploaded_at`) VALUES (82, 11, 'http://schambergerstark.com/', '2018-07-11 02:34:01');
INSERT INTO `picture_data` (`picture_data_id`, `user_id`, `image_url`, `uploaded_at`) VALUES (83, 18, 'http://www.simonis.com/', '1989-12-31 23:40:44');
INSERT INTO `picture_data` (`picture_data_id`, `user_id`, `image_url`, `uploaded_at`) VALUES (84, 6, 'http://renner.net/', '2008-08-17 10:57:22');
INSERT INTO `picture_data` (`picture_data_id`, `user_id`, `image_url`, `uploaded_at`) VALUES (85, 8, 'http://www.crona.org/', '1984-03-08 01:16:47');
INSERT INTO `picture_data` (`picture_data_id`, `user_id`, `image_url`, `uploaded_at`) VALUES (86, 3, 'http://www.konopelski.com/', '1993-02-24 12:47:50');
INSERT INTO `picture_data` (`picture_data_id`, `user_id`, `image_url`, `uploaded_at`) VALUES (87, 11, 'http://www.wisoky.com/', '2016-06-17 13:58:16');
INSERT INTO `picture_data` (`picture_data_id`, `user_id`, `image_url`, `uploaded_at`) VALUES (88, 8, 'http://www.kshlerin.biz/', '1988-12-29 19:41:43');
INSERT INTO `picture_data` (`picture_data_id`, `user_id`, `image_url`, `uploaded_at`) VALUES (89, 2, 'http://www.larkinmorar.info/', '1976-01-05 00:46:58');
INSERT INTO `picture_data` (`picture_data_id`, `user_id`, `image_url`, `uploaded_at`) VALUES (90, 17, 'http://www.kemmerfranecki.org/', '1974-06-27 17:58:55');
INSERT INTO `picture_data` (`picture_data_id`, `user_id`, `image_url`, `uploaded_at`) VALUES (91, 12, 'http://hauck.net/', '1980-03-31 17:02:15');
INSERT INTO `picture_data` (`picture_data_id`, `user_id`, `image_url`, `uploaded_at`) VALUES (92, 13, 'http://brown.com/', '1979-03-13 01:36:26');
INSERT INTO `picture_data` (`picture_data_id`, `user_id`, `image_url`, `uploaded_at`) VALUES (93, 13, 'http://franecki.com/', '2001-10-04 01:27:31');
INSERT INTO `picture_data` (`picture_data_id`, `user_id`, `image_url`, `uploaded_at`) VALUES (94, 19, 'http://lockmangreenholt.com/', '2011-08-14 04:03:44');
INSERT INTO `picture_data` (`picture_data_id`, `user_id`, `image_url`, `uploaded_at`) VALUES (95, 4, 'http://www.schumm.com/', '2012-05-12 12:14:38');
INSERT INTO `picture_data` (`picture_data_id`, `user_id`, `image_url`, `uploaded_at`) VALUES (96, 12, 'http://www.krajcikmurphy.com/', '1996-04-14 00:05:22');
INSERT INTO `picture_data` (`picture_data_id`, `user_id`, `image_url`, `uploaded_at`) VALUES (97, 19, 'http://www.tromp.com/', '1998-07-17 04:10:36');
INSERT INTO `picture_data` (`picture_data_id`, `user_id`, `image_url`, `uploaded_at`) VALUES (98, 9, 'http://www.reingermccullough.com/', '1978-06-26 21:53:17');
INSERT INTO `picture_data` (`picture_data_id`, `user_id`, `image_url`, `uploaded_at`) VALUES (99, 16, 'http://pacocha.com/', '2016-08-11 23:23:32');
INSERT INTO `picture_data` (`picture_data_id`, `user_id`, `image_url`, `uploaded_at`) VALUES (100, 9, 'http://www.skiles.com/', '2007-04-25 06:31:09');
INSERT INTO `picture_data` (`picture_data_id`, `user_id`, `image_url`, `uploaded_at`) VALUES (101, 4, 'http://donnelly.org/', '1999-09-17 09:25:06');
INSERT INTO `picture_data` (`picture_data_id`, `user_id`, `image_url`, `uploaded_at`) VALUES (102, 2, 'http://www.rolfsonwilkinson.com/', '2006-05-01 03:27:30');
INSERT INTO `picture_data` (`picture_data_id`, `user_id`, `image_url`, `uploaded_at`) VALUES (103, 6, 'http://www.kassulkemcglynn.com/', '1972-03-25 23:04:48');
INSERT INTO `picture_data` (`picture_data_id`, `user_id`, `image_url`, `uploaded_at`) VALUES (104, 11, 'http://kuhnschamberger.com/', '1979-10-22 04:23:25');
INSERT INTO `picture_data` (`picture_data_id`, `user_id`, `image_url`, `uploaded_at`) VALUES (105, 2, 'http://www.goyettekautzer.biz/', '2001-12-07 18:26:26');
INSERT INTO `picture_data` (`picture_data_id`, `user_id`, `image_url`, `uploaded_at`) VALUES (106, 18, 'http://www.flatleybarton.com/', '2007-03-17 22:01:45');
INSERT INTO `picture_data` (`picture_data_id`, `user_id`, `image_url`, `uploaded_at`) VALUES (107, 9, 'http://www.emmerich.com/', '2009-08-11 05:58:02');
INSERT INTO `picture_data` (`picture_data_id`, `user_id`, `image_url`, `uploaded_at`) VALUES (108, 9, 'http://www.hoppe.com/', '2008-10-01 11:46:48');
INSERT INTO `picture_data` (`picture_data_id`, `user_id`, `image_url`, `uploaded_at`) VALUES (109, 13, 'http://goldnerheaney.com/', '1984-03-18 20:08:16');
INSERT INTO `picture_data` (`picture_data_id`, `user_id`, `image_url`, `uploaded_at`) VALUES (110, 14, 'http://www.batzblick.com/', '1978-08-04 08:21:51');
INSERT INTO `picture_data` (`picture_data_id`, `user_id`, `image_url`, `uploaded_at`) VALUES (111, 15, 'http://www.beier.com/', '2011-02-13 14:53:34');
INSERT INTO `picture_data` (`picture_data_id`, `user_id`, `image_url`, `uploaded_at`) VALUES (112, 2, 'http://www.kemmer.info/', '1988-11-12 22:49:07');
INSERT INTO `picture_data` (`picture_data_id`, `user_id`, `image_url`, `uploaded_at`) VALUES (113, 4, 'http://olsonmarvin.biz/', '1977-03-05 06:12:36');
INSERT INTO `picture_data` (`picture_data_id`, `user_id`, `image_url`, `uploaded_at`) VALUES (114, 13, 'http://www.ritchieschultz.com/', '1981-01-24 11:15:26');
INSERT INTO `picture_data` (`picture_data_id`, `user_id`, `image_url`, `uploaded_at`) VALUES (115, 7, 'http://www.abernathy.com/', '1981-07-02 02:23:58');
INSERT INTO `picture_data` (`picture_data_id`, `user_id`, `image_url`, `uploaded_at`) VALUES (116, 12, 'http://vonrueden.com/', '1991-08-05 16:03:00');
INSERT INTO `picture_data` (`picture_data_id`, `user_id`, `image_url`, `uploaded_at`) VALUES (117, 15, 'http://watersconroy.com/', '1980-04-08 09:03:03');
INSERT INTO `picture_data` (`picture_data_id`, `user_id`, `image_url`, `uploaded_at`) VALUES (118, 18, 'http://www.keeling.org/', '2014-12-20 06:52:11');
INSERT INTO `picture_data` (`picture_data_id`, `user_id`, `image_url`, `uploaded_at`) VALUES (119, 19, 'http://www.brownheaney.com/', '1970-11-09 00:48:35');
INSERT INTO `picture_data` (`picture_data_id`, `user_id`, `image_url`, `uploaded_at`) VALUES (120, 17, 'http://jacobson.info/', '2009-11-19 21:28:45');
INSERT INTO `picture_data` (`picture_data_id`, `user_id`, `image_url`, `uploaded_at`) VALUES (121, 14, 'http://macejkovic.biz/', '2017-02-03 04:58:42');
INSERT INTO `picture_data` (`picture_data_id`, `user_id`, `image_url`, `uploaded_at`) VALUES (122, 11, 'http://kerluke.com/', '2019-11-01 12:57:28');
INSERT INTO `picture_data` (`picture_data_id`, `user_id`, `image_url`, `uploaded_at`) VALUES (123, 10, 'http://nicolas.com/', '2007-09-16 00:25:49');
INSERT INTO `picture_data` (`picture_data_id`, `user_id`, `image_url`, `uploaded_at`) VALUES (124, 7, 'http://oreilly.com/', '2005-11-12 21:17:57');
INSERT INTO `picture_data` (`picture_data_id`, `user_id`, `image_url`, `uploaded_at`) VALUES (125, 9, 'http://windler.com/', '1992-04-17 10:49:52');
INSERT INTO `picture_data` (`picture_data_id`, `user_id`, `image_url`, `uploaded_at`) VALUES (126, 13, 'http://www.boehm.com/', '1991-01-19 22:19:17');
INSERT INTO `picture_data` (`picture_data_id`, `user_id`, `image_url`, `uploaded_at`) VALUES (127, 19, 'http://www.blick.com/', '2012-04-28 19:03:51');
INSERT INTO `picture_data` (`picture_data_id`, `user_id`, `image_url`, `uploaded_at`) VALUES (128, 7, 'http://morissettehagenes.biz/', '1990-07-06 19:49:25');
INSERT INTO `picture_data` (`picture_data_id`, `user_id`, `image_url`, `uploaded_at`) VALUES (129, 1, 'http://heidenreich.org/', '1981-10-28 06:40:38');
INSERT INTO `picture_data` (`picture_data_id`, `user_id`, `image_url`, `uploaded_at`) VALUES (130, 14, 'http://www.quitzon.com/', '2001-12-21 09:08:52');
INSERT INTO `picture_data` (`picture_data_id`, `user_id`, `image_url`, `uploaded_at`) VALUES (131, 15, 'http://emmerichharber.com/', '2013-02-28 10:41:23');
INSERT INTO `picture_data` (`picture_data_id`, `user_id`, `image_url`, `uploaded_at`) VALUES (132, 5, 'http://www.wunschgoyette.org/', '1973-07-06 09:33:09');
INSERT INTO `picture_data` (`picture_data_id`, `user_id`, `image_url`, `uploaded_at`) VALUES (133, 16, 'http://olsonanderson.com/', '2018-02-26 23:57:42');
INSERT INTO `picture_data` (`picture_data_id`, `user_id`, `image_url`, `uploaded_at`) VALUES (134, 1, 'http://greenbalistreri.net/', '1981-08-11 14:19:24');
INSERT INTO `picture_data` (`picture_data_id`, `user_id`, `image_url`, `uploaded_at`) VALUES (135, 15, 'http://schmidt.com/', '2012-08-10 02:27:22');
INSERT INTO `picture_data` (`picture_data_id`, `user_id`, `image_url`, `uploaded_at`) VALUES (136, 18, 'http://www.satterfieldernser.com/', '2006-05-06 11:06:58');
INSERT INTO `picture_data` (`picture_data_id`, `user_id`, `image_url`, `uploaded_at`) VALUES (137, 19, 'http://dickens.com/', '2013-09-16 04:35:54');
INSERT INTO `picture_data` (`picture_data_id`, `user_id`, `image_url`, `uploaded_at`) VALUES (138, 3, 'http://collins.com/', '2008-01-13 01:06:41');
INSERT INTO `picture_data` (`picture_data_id`, `user_id`, `image_url`, `uploaded_at`) VALUES (139, 6, 'http://oconnell.com/', '2006-01-07 08:18:21');
INSERT INTO `picture_data` (`picture_data_id`, `user_id`, `image_url`, `uploaded_at`) VALUES (140, 12, 'http://www.strosin.net/', '2008-10-16 12:48:59');
INSERT INTO `picture_data` (`picture_data_id`, `user_id`, `image_url`, `uploaded_at`) VALUES (141, 16, 'http://www.koss.com/', '1999-09-09 19:16:23');
INSERT INTO `picture_data` (`picture_data_id`, `user_id`, `image_url`, `uploaded_at`) VALUES (142, 20, 'http://www.kerluketrantow.net/', '1998-05-07 06:58:40');
INSERT INTO `picture_data` (`picture_data_id`, `user_id`, `image_url`, `uploaded_at`) VALUES (143, 13, 'http://www.dubuquebauch.com/', '1973-05-01 09:05:47');
INSERT INTO `picture_data` (`picture_data_id`, `user_id`, `image_url`, `uploaded_at`) VALUES (144, 20, 'http://www.considinegutmann.info/', '2020-03-10 00:06:10');
INSERT INTO `picture_data` (`picture_data_id`, `user_id`, `image_url`, `uploaded_at`) VALUES (145, 13, 'http://murray.info/', '2009-04-23 22:26:15');
INSERT INTO `picture_data` (`picture_data_id`, `user_id`, `image_url`, `uploaded_at`) VALUES (146, 20, 'http://beer.net/', '1992-05-04 05:17:46');
INSERT INTO `picture_data` (`picture_data_id`, `user_id`, `image_url`, `uploaded_at`) VALUES (147, 12, 'http://kihncrona.info/', '2003-02-02 13:56:58');
INSERT INTO `picture_data` (`picture_data_id`, `user_id`, `image_url`, `uploaded_at`) VALUES (148, 7, 'http://howell.biz/', '1988-08-16 08:48:44');
INSERT INTO `picture_data` (`picture_data_id`, `user_id`, `image_url`, `uploaded_at`) VALUES (149, 18, 'http://gerhold.com/', '2008-07-17 14:39:49');
INSERT INTO `picture_data` (`picture_data_id`, `user_id`, `image_url`, `uploaded_at`) VALUES (150, 10, 'http://www.nienowfritsch.com/', '1975-03-19 01:02:29');
INSERT INTO `picture_data` (`picture_data_id`, `user_id`, `image_url`, `uploaded_at`) VALUES (151, 4, 'http://heathcoterutherford.biz/', '1983-08-03 22:34:22');
INSERT INTO `picture_data` (`picture_data_id`, `user_id`, `image_url`, `uploaded_at`) VALUES (152, 11, 'http://wolfcremin.com/', '1975-01-17 22:39:54');
INSERT INTO `picture_data` (`picture_data_id`, `user_id`, `image_url`, `uploaded_at`) VALUES (153, 20, 'http://www.tremblay.com/', '1998-10-30 23:48:45');
INSERT INTO `picture_data` (`picture_data_id`, `user_id`, `image_url`, `uploaded_at`) VALUES (154, 13, 'http://walkerterry.com/', '1973-01-19 22:10:14');
INSERT INTO `picture_data` (`picture_data_id`, `user_id`, `image_url`, `uploaded_at`) VALUES (155, 18, 'http://schamberger.biz/', '1977-08-29 18:46:06');
INSERT INTO `picture_data` (`picture_data_id`, `user_id`, `image_url`, `uploaded_at`) VALUES (156, 9, 'http://www.reinger.biz/', '2005-06-08 19:52:17');
INSERT INTO `picture_data` (`picture_data_id`, `user_id`, `image_url`, `uploaded_at`) VALUES (157, 5, 'http://www.purdy.info/', '1970-02-16 05:57:27');
INSERT INTO `picture_data` (`picture_data_id`, `user_id`, `image_url`, `uploaded_at`) VALUES (158, 16, 'http://www.westcummings.com/', '2004-02-17 22:15:38');
INSERT INTO `picture_data` (`picture_data_id`, `user_id`, `image_url`, `uploaded_at`) VALUES (159, 15, 'http://kub.com/', '2020-07-28 08:13:20');
INSERT INTO `picture_data` (`picture_data_id`, `user_id`, `image_url`, `uploaded_at`) VALUES (160, 6, 'http://www.mckenzie.com/', '1997-07-22 12:02:23');
INSERT INTO `picture_data` (`picture_data_id`, `user_id`, `image_url`, `uploaded_at`) VALUES (161, 10, 'http://www.schmeler.com/', '2010-07-30 02:58:26');
INSERT INTO `picture_data` (`picture_data_id`, `user_id`, `image_url`, `uploaded_at`) VALUES (162, 10, 'http://www.turcotte.com/', '1975-07-22 03:14:49');
INSERT INTO `picture_data` (`picture_data_id`, `user_id`, `image_url`, `uploaded_at`) VALUES (163, 11, 'http://www.deckowrosenbaum.net/', '1972-11-19 01:59:34');
INSERT INTO `picture_data` (`picture_data_id`, `user_id`, `image_url`, `uploaded_at`) VALUES (164, 5, 'http://beer.com/', '1972-04-06 13:24:54');
INSERT INTO `picture_data` (`picture_data_id`, `user_id`, `image_url`, `uploaded_at`) VALUES (165, 11, 'http://www.pouros.biz/', '1998-06-29 07:18:54');
INSERT INTO `picture_data` (`picture_data_id`, `user_id`, `image_url`, `uploaded_at`) VALUES (166, 5, 'http://www.hayes.biz/', '2002-06-05 04:23:17');
INSERT INTO `picture_data` (`picture_data_id`, `user_id`, `image_url`, `uploaded_at`) VALUES (167, 2, 'http://www.barton.com/', '1992-07-19 11:01:34');
INSERT INTO `picture_data` (`picture_data_id`, `user_id`, `image_url`, `uploaded_at`) VALUES (168, 9, 'http://zboncakhermiston.com/', '1999-07-03 16:52:16');
INSERT INTO `picture_data` (`picture_data_id`, `user_id`, `image_url`, `uploaded_at`) VALUES (169, 8, 'http://www.labadiezieme.info/', '1971-07-20 20:42:30');
INSERT INTO `picture_data` (`picture_data_id`, `user_id`, `image_url`, `uploaded_at`) VALUES (170, 7, 'http://www.larkin.com/', '2017-02-22 18:02:50');
INSERT INTO `picture_data` (`picture_data_id`, `user_id`, `image_url`, `uploaded_at`) VALUES (171, 20, 'http://boehm.info/', '1985-02-20 17:31:01');
INSERT INTO `picture_data` (`picture_data_id`, `user_id`, `image_url`, `uploaded_at`) VALUES (172, 4, 'http://www.bartonohara.com/', '1997-06-21 17:36:14');
INSERT INTO `picture_data` (`picture_data_id`, `user_id`, `image_url`, `uploaded_at`) VALUES (173, 7, 'http://jakubowskichamplin.info/', '1999-12-31 20:22:07');
INSERT INTO `picture_data` (`picture_data_id`, `user_id`, `image_url`, `uploaded_at`) VALUES (174, 12, 'http://jacobs.com/', '1988-06-26 13:31:50');
INSERT INTO `picture_data` (`picture_data_id`, `user_id`, `image_url`, `uploaded_at`) VALUES (175, 4, 'http://trantowcartwright.com/', '1981-10-31 21:37:18');
INSERT INTO `picture_data` (`picture_data_id`, `user_id`, `image_url`, `uploaded_at`) VALUES (176, 19, 'http://batzroob.com/', '1972-01-09 09:55:17');
INSERT INTO `picture_data` (`picture_data_id`, `user_id`, `image_url`, `uploaded_at`) VALUES (177, 12, 'http://www.beier.biz/', '1981-11-19 23:56:34');
INSERT INTO `picture_data` (`picture_data_id`, `user_id`, `image_url`, `uploaded_at`) VALUES (178, 15, 'http://www.rippinschroeder.com/', '2014-06-16 14:11:26');
INSERT INTO `picture_data` (`picture_data_id`, `user_id`, `image_url`, `uploaded_at`) VALUES (179, 6, 'http://abbott.com/', '1999-06-28 16:58:26');
INSERT INTO `picture_data` (`picture_data_id`, `user_id`, `image_url`, `uploaded_at`) VALUES (180, 9, 'http://www.glover.com/', '1980-11-29 09:27:40');
INSERT INTO `picture_data` (`picture_data_id`, `user_id`, `image_url`, `uploaded_at`) VALUES (181, 4, 'http://www.haag.net/', '1998-03-03 09:20:14');
INSERT INTO `picture_data` (`picture_data_id`, `user_id`, `image_url`, `uploaded_at`) VALUES (182, 9, 'http://hegmann.info/', '2016-12-22 09:51:20');
INSERT INTO `picture_data` (`picture_data_id`, `user_id`, `image_url`, `uploaded_at`) VALUES (183, 20, 'http://www.block.net/', '2005-03-18 16:19:09');
INSERT INTO `picture_data` (`picture_data_id`, `user_id`, `image_url`, `uploaded_at`) VALUES (184, 4, 'http://cassin.biz/', '1980-10-18 05:27:49');
INSERT INTO `picture_data` (`picture_data_id`, `user_id`, `image_url`, `uploaded_at`) VALUES (185, 1, 'http://feil.com/', '1975-10-12 22:42:06');
INSERT INTO `picture_data` (`picture_data_id`, `user_id`, `image_url`, `uploaded_at`) VALUES (186, 17, 'http://heidenreichmurray.com/', '1974-07-23 05:50:04');
INSERT INTO `picture_data` (`picture_data_id`, `user_id`, `image_url`, `uploaded_at`) VALUES (187, 12, 'http://www.oconnell.com/', '2014-05-16 18:28:37');
INSERT INTO `picture_data` (`picture_data_id`, `user_id`, `image_url`, `uploaded_at`) VALUES (188, 6, 'http://www.pfannerstillhoppe.com/', '1994-06-16 15:16:22');
INSERT INTO `picture_data` (`picture_data_id`, `user_id`, `image_url`, `uploaded_at`) VALUES (189, 13, 'http://www.gutkowskirenner.com/', '1986-02-15 12:41:08');
INSERT INTO `picture_data` (`picture_data_id`, `user_id`, `image_url`, `uploaded_at`) VALUES (190, 7, 'http://www.mohrschuster.com/', '2010-01-21 01:07:10');
INSERT INTO `picture_data` (`picture_data_id`, `user_id`, `image_url`, `uploaded_at`) VALUES (191, 12, 'http://mueller.org/', '1987-11-16 18:13:53');
INSERT INTO `picture_data` (`picture_data_id`, `user_id`, `image_url`, `uploaded_at`) VALUES (192, 2, 'http://lebsack.org/', '1982-05-08 02:18:09');
INSERT INTO `picture_data` (`picture_data_id`, `user_id`, `image_url`, `uploaded_at`) VALUES (193, 16, 'http://www.haleybeer.biz/', '1981-08-12 12:29:55');
INSERT INTO `picture_data` (`picture_data_id`, `user_id`, `image_url`, `uploaded_at`) VALUES (194, 2, 'http://schamberger.com/', '1971-10-26 15:44:31');
INSERT INTO `picture_data` (`picture_data_id`, `user_id`, `image_url`, `uploaded_at`) VALUES (195, 7, 'http://www.fadel.info/', '2015-04-08 05:18:08');
INSERT INTO `picture_data` (`picture_data_id`, `user_id`, `image_url`, `uploaded_at`) VALUES (196, 7, 'http://www.zboncakebert.biz/', '2020-11-03 03:22:29');
INSERT INTO `picture_data` (`picture_data_id`, `user_id`, `image_url`, `uploaded_at`) VALUES (197, 7, 'http://www.wolf.com/', '1990-07-17 08:45:52');
INSERT INTO `picture_data` (`picture_data_id`, `user_id`, `image_url`, `uploaded_at`) VALUES (198, 8, 'http://dietrichgusikowski.com/', '1971-03-19 12:02:01');
INSERT INTO `picture_data` (`picture_data_id`, `user_id`, `image_url`, `uploaded_at`) VALUES (199, 15, 'http://schamberger.com/', '1984-08-20 20:30:26');
INSERT INTO `picture_data` (`picture_data_id`, `user_id`, `image_url`, `uploaded_at`) VALUES (200, 14, 'http://zulauf.biz/', '1975-07-29 22:15:34');


-- -----------------------------------------------------
-- Populating table: `order_items`
-- -----------------------------------------------------

INSERT INTO `order_items` (`order_item_id`, `picture_data_id`, `paper_type_id`, `frame_id`, `order_id`, `order_item_price`, `price_saved`, `amount`) VALUES (1, 85, 6, 4, 10, '0', '10270', 2);
INSERT INTO `order_items` (`order_item_id`, `picture_data_id`, `paper_type_id`, `frame_id`, `order_id`, `order_item_price`, `price_saved`, `amount`) VALUES (2, 121, 10, 12, 12, '7.773', '6.35', 47);
INSERT INTO `order_items` (`order_item_id`, `picture_data_id`, `paper_type_id`, `frame_id`, `order_id`, `order_item_price`, `price_saved`, `amount`) VALUES (3, 31, 8, 8, 15, '80.40', '417.89', 2);
INSERT INTO `order_items` (`order_item_id`, `picture_data_id`, `paper_type_id`, `frame_id`, `order_id`, `order_item_price`, `price_saved`, `amount`) VALUES (4, null, null, 14, 1, '9926', '119.86', 10);
INSERT INTO `order_items` (`order_item_id`, `picture_data_id`, `paper_type_id`, `frame_id`, `order_id`, `order_item_price`, `price_saved`, `amount`) VALUES (5, 4, 7, 5, 10, '0', '1290', 10);
INSERT INTO `order_items` (`order_item_id`, `picture_data_id`, `paper_type_id`, `frame_id`, `order_id`, `order_item_price`, `price_saved`, `amount`) VALUES (6, 92, 10, 4, 25, '1531', '47.6', 0);
INSERT INTO `order_items` (`order_item_id`, `picture_data_id`, `paper_type_id`, `frame_id`, `order_id`, `order_item_price`, `price_saved`, `amount`) VALUES (7, 85, 4, 3, 30, '1160', '2.09', 1);
INSERT INTO `order_items` (`order_item_id`, `picture_data_id`, `paper_type_id`, `frame_id`, `order_id`, `order_item_price`, `price_saved`, `amount`) VALUES (8, 15, 4, 14, 9, '0', '25522659', 10);
INSERT INTO `order_items` (`order_item_id`, `picture_data_id`, `paper_type_id`, `frame_id`, `order_id`, `order_item_price`, `price_saved`, `amount`) VALUES (9, 18, 10, 6, 27, '90112.3', '2147330', 2);
INSERT INTO `order_items` (`order_item_id`, `picture_data_id`, `paper_type_id`, `frame_id`, `order_id`, `order_item_price`, `price_saved`, `amount`) VALUES (10, 199, 10, 7, 12, '30.315', '0', 2);
INSERT INTO `order_items` (`order_item_id`, `picture_data_id`, `paper_type_id`, `frame_id`, `order_id`, `order_item_price`, `price_saved`, `amount`) VALUES (11, 27, 4, 15, 23, '2170.01', '1904000', 38);
INSERT INTO `order_items` (`order_item_id`, `picture_data_id`, `paper_type_id`, `frame_id`, `order_id`, `order_item_price`, `price_saved`, `amount`) VALUES (12, 75, 10, 14, 27, '459704000', '396.54', 56);
INSERT INTO `order_items` (`order_item_id`, `picture_data_id`, `paper_type_id`, `frame_id`, `order_id`, `order_item_price`, `price_saved`, `amount`) VALUES (13, 26, 1, 9, 13, '694.31', '4183.66', 2);
INSERT INTO `order_items` (`order_item_id`, `picture_data_id`, `paper_type_id`, `frame_id`, `order_id`, `order_item_price`, `price_saved`, `amount`) VALUES (14, 125, 9, 8, 16, '90.3346', '823934000', 10);
INSERT INTO `order_items` (`order_item_id`, `picture_data_id`, `paper_type_id`, `frame_id`, `order_id`, `order_item_price`, `price_saved`, `amount`) VALUES (15, 108, 9, 3, 6, '48.475', '0.64', 4);
INSERT INTO `order_items` (`order_item_id`, `picture_data_id`, `paper_type_id`, `frame_id`, `order_id`, `order_item_price`, `price_saved`, `amount`) VALUES (16, 164, 3, 2, 11, '185.8', '80922700', 10);
INSERT INTO `order_items` (`order_item_id`, `picture_data_id`, `paper_type_id`, `frame_id`, `order_id`, `order_item_price`, `price_saved`, `amount`) VALUES (17, 12, 8, 7, 28, '39.1505', '3959.17', 4);
INSERT INTO `order_items` (`order_item_id`, `picture_data_id`, `paper_type_id`, `frame_id`, `order_id`, `order_item_price`, `price_saved`, `amount`) VALUES (18, 47, 8, 12, 28, '7.44728', '527624000', 0);
INSERT INTO `order_items` (`order_item_id`, `picture_data_id`, `paper_type_id`, `frame_id`, `order_id`, `order_item_price`, `price_saved`, `amount`) VALUES (19, 27, 9, 11, 24, '1.3', '217.713', 2);
INSERT INTO `order_items` (`order_item_id`, `picture_data_id`, `paper_type_id`, `frame_id`, `order_id`, `order_item_price`, `price_saved`, `amount`) VALUES (20, 102, 9, 10, 10, '2', '45624.7', 3);
INSERT INTO `order_items` (`order_item_id`, `picture_data_id`, `paper_type_id`, `frame_id`, `order_id`, `order_item_price`, `price_saved`, `amount`) VALUES (21, 191, 1, 15, 10, '4974.56', '5.98825', 5);
INSERT INTO `order_items` (`order_item_id`, `picture_data_id`, `paper_type_id`, `frame_id`, `order_id`, `order_item_price`, `price_saved`, `amount`) VALUES (22, 180, 4, 14, 25, '3470.7', '45', 2);
INSERT INTO `order_items` (`order_item_id`, `picture_data_id`, `paper_type_id`, `frame_id`, `order_id`, `order_item_price`, `price_saved`, `amount`) VALUES (23, 154, 5, 1, 4, '0', '164605', 10);
INSERT INTO `order_items` (`order_item_id`, `picture_data_id`, `paper_type_id`, `frame_id`, `order_id`, `order_item_price`, `price_saved`, `amount`) VALUES (24, 71, 2, 13, 20, '3.40028', '111.31', 1);
INSERT INTO `order_items` (`order_item_id`, `picture_data_id`, `paper_type_id`, `frame_id`, `order_id`, `order_item_price`, `price_saved`, `amount`) VALUES (25, 168, 7, 11, 1, '22.8219', '715180', 10);
INSERT INTO `order_items` (`order_item_id`, `picture_data_id`, `paper_type_id`, `frame_id`, `order_id`, `order_item_price`, `price_saved`, `amount`) VALUES (26, 196, 5, 15, 16, '25.8837', '1.31893', 2);
INSERT INTO `order_items` (`order_item_id`, `picture_data_id`, `paper_type_id`, `frame_id`, `order_id`, `order_item_price`, `price_saved`, `amount`) VALUES (27, 17, 6, 11, 9, '269758', '96914500', 1);
INSERT INTO `order_items` (`order_item_id`, `picture_data_id`, `paper_type_id`, `frame_id`, `order_id`, `order_item_price`, `price_saved`, `amount`) VALUES (28, 106, 8, 8, 17, '267744000', '12174400', 5);
INSERT INTO `order_items` (`order_item_id`, `picture_data_id`, `paper_type_id`, `frame_id`, `order_id`, `order_item_price`, `price_saved`, `amount`) VALUES (29, 66, 9, 6, 16, '35801.9', '1', 2);
INSERT INTO `order_items` (`order_item_id`, `picture_data_id`, `paper_type_id`, `frame_id`, `order_id`, `order_item_price`, `price_saved`, `amount`) VALUES (30, 6, 5, 4, 29, '6460.78', '35531300', 3);
INSERT INTO `order_items` (`order_item_id`, `picture_data_id`, `paper_type_id`, `frame_id`, `order_id`, `order_item_price`, `price_saved`, `amount`) VALUES (31, 131, 4, 4, 18, '648.555', '240', 430547);
INSERT INTO `order_items` (`order_item_id`, `picture_data_id`, `paper_type_id`, `frame_id`, `order_id`, `order_item_price`, `price_saved`, `amount`) VALUES (32, 124, 3, 9, 17, '488', '0.306597', 5);
INSERT INTO `order_items` (`order_item_id`, `picture_data_id`, `paper_type_id`, `frame_id`, `order_id`, `order_item_price`, `price_saved`, `amount`) VALUES (33, 108, 1, 2, 15, '38406800', '10642300', 5);
INSERT INTO `order_items` (`order_item_id`, `picture_data_id`, `paper_type_id`, `frame_id`, `order_id`, `order_item_price`, `price_saved`, `amount`) VALUES (34, 111, 4, 4, 7, '116782000', '30523400', 11);
INSERT INTO `order_items` (`order_item_id`, `picture_data_id`, `paper_type_id`, `frame_id`, `order_id`, `order_item_price`, `price_saved`, `amount`) VALUES (35, 77, 3, 13, 13, '15.25', '3344880', 4);
INSERT INTO `order_items` (`order_item_id`, `picture_data_id`, `paper_type_id`, `frame_id`, `order_id`, `order_item_price`, `price_saved`, `amount`) VALUES (36, 11, 2, 5, 12, '30419200', '1783.48', 2);
INSERT INTO `order_items` (`order_item_id`, `picture_data_id`, `paper_type_id`, `frame_id`, `order_id`, `order_item_price`, `price_saved`, `amount`) VALUES (37, 3, 3, 13, 2, '432026', '5879250', 3);
INSERT INTO `order_items` (`order_item_id`, `picture_data_id`, `paper_type_id`, `frame_id`, `order_id`, `order_item_price`, `price_saved`, `amount`) VALUES (38, 139, 9, 10, 14, '417.3', '0', 0);
INSERT INTO `order_items` (`order_item_id`, `picture_data_id`, `paper_type_id`, `frame_id`, `order_id`, `order_item_price`, `price_saved`, `amount`) VALUES (39, 32, 2, 8, 20, '17346900', '40558100', 10);
INSERT INTO `order_items` (`order_item_id`, `picture_data_id`, `paper_type_id`, `frame_id`, `order_id`, `order_item_price`, `price_saved`, `amount`) VALUES (40, 101, 2, 14, 2, '339.747', '171482', 2);
INSERT INTO `order_items` (`order_item_id`, `picture_data_id`, `paper_type_id`, `frame_id`, `order_id`, `order_item_price`, `price_saved`, `amount`) VALUES (41, 145, 9, 5, 26, '328922', '100145000', 1);
INSERT INTO `order_items` (`order_item_id`, `picture_data_id`, `paper_type_id`, `frame_id`, `order_id`, `order_item_price`, `price_saved`, `amount`) VALUES (42, 188, 5, 8, 22, '0', '0', 2);
INSERT INTO `order_items` (`order_item_id`, `picture_data_id`, `paper_type_id`, `frame_id`, `order_id`, `order_item_price`, `price_saved`, `amount`) VALUES (43, 106, 10, 9, 15, '1.8398', '2.01853', 6);
INSERT INTO `order_items` (`order_item_id`, `picture_data_id`, `paper_type_id`, `frame_id`, `order_id`, `order_item_price`, `price_saved`, `amount`) VALUES (44, 123, 6, 14, 20, '0', '0', 3);
INSERT INTO `order_items` (`order_item_id`, `picture_data_id`, `paper_type_id`, `frame_id`, `order_id`, `order_item_price`, `price_saved`, `amount`) VALUES (45, 163, 9, 3, 27, '6653760', '207.072', 2);
INSERT INTO `order_items` (`order_item_id`, `picture_data_id`, `paper_type_id`, `frame_id`, `order_id`, `order_item_price`, `price_saved`, `amount`) VALUES (46, 135, 10, 5, 12, '7915.2', '21.2207', 3);
INSERT INTO `order_items` (`order_item_id`, `picture_data_id`, `paper_type_id`, `frame_id`, `order_id`, `order_item_price`, `price_saved`, `amount`) VALUES (47, 2, 10, 9, 30, '0', '55522.9', 2);
INSERT INTO `order_items` (`order_item_id`, `picture_data_id`, `paper_type_id`, `frame_id`, `order_id`, `order_item_price`, `price_saved`, `amount`) VALUES (48, 174, 7, 6, 23, '1463.24', '56.8978', 2);
INSERT INTO `order_items` (`order_item_id`, `picture_data_id`, `paper_type_id`, `frame_id`, `order_id`, `order_item_price`, `price_saved`, `amount`) VALUES (49, 99, 9, 8, 29, '333510000', '89956100', 2);
INSERT INTO `order_items` (`order_item_id`, `picture_data_id`, `paper_type_id`, `frame_id`, `order_id`, `order_item_price`, `price_saved`, `amount`) VALUES (50, 2, 4, 11, 2, '32060.1', '2.706', 2319);
INSERT INTO `order_items` (`order_item_id`, `picture_data_id`, `paper_type_id`, `frame_id`, `order_id`, `order_item_price`, `price_saved`, `amount`) VALUES (51, 186, 1, 8, 6, '44.6555', '2201', 21);
INSERT INTO `order_items` (`order_item_id`, `picture_data_id`, `paper_type_id`, `frame_id`, `order_id`, `order_item_price`, `price_saved`, `amount`) VALUES (52, 41, 10, 14, 27, '0', '14.4049', 0);
INSERT INTO `order_items` (`order_item_id`, `picture_data_id`, `paper_type_id`, `frame_id`, `order_id`, `order_item_price`, `price_saved`, `amount`) VALUES (53, 146, 6, 13, 4, '15.2106', '305.109', 5);
INSERT INTO `order_items` (`order_item_id`, `picture_data_id`, `paper_type_id`, `frame_id`, `order_id`, `order_item_price`, `price_saved`, `amount`) VALUES (54, 55, 2, 6, 21, '3', '335771000', 3);
INSERT INTO `order_items` (`order_item_id`, `picture_data_id`, `paper_type_id`, `frame_id`, `order_id`, `order_item_price`, `price_saved`, `amount`) VALUES (55, 39, 10, 4, 28, '4847680', '482322', 2);
INSERT INTO `order_items` (`order_item_id`, `picture_data_id`, `paper_type_id`, `frame_id`, `order_id`, `order_item_price`, `price_saved`, `amount`) VALUES (56, 66, 7, 4, 14, '10349.1', '3.987', 2);
INSERT INTO `order_items` (`order_item_id`, `picture_data_id`, `paper_type_id`, `frame_id`, `order_id`, `order_item_price`, `price_saved`, `amount`) VALUES (57, 131, 7, 3, 27, '31059400', '17.7684', 10);
INSERT INTO `order_items` (`order_item_id`, `picture_data_id`, `paper_type_id`, `frame_id`, `order_id`, `order_item_price`, `price_saved`, `amount`) VALUES (58, 49, 5, 13, 12, '21.8', '518256', 10);
INSERT INTO `order_items` (`order_item_id`, `picture_data_id`, `paper_type_id`, `frame_id`, `order_id`, `order_item_price`, `price_saved`, `amount`) VALUES (59, 128, 10, 10, 21, '0', '38722500', 3);
INSERT INTO `order_items` (`order_item_id`, `picture_data_id`, `paper_type_id`, `frame_id`, `order_id`, `order_item_price`, `price_saved`, `amount`) VALUES (60, 33, 10, 15, 11, '11222600', '17834.5', 4);
INSERT INTO `order_items` (`order_item_id`, `picture_data_id`, `paper_type_id`, `frame_id`, `order_id`, `order_item_price`, `price_saved`, `amount`) VALUES (61, 168, 10, 15, 7, '107631000', '2528.51', 6);
INSERT INTO `order_items` (`order_item_id`, `picture_data_id`, `paper_type_id`, `frame_id`, `order_id`, `order_item_price`, `price_saved`, `amount`) VALUES (62, 63, 2, 15, 26, '24999', '316', 5);
INSERT INTO `order_items` (`order_item_id`, `picture_data_id`, `paper_type_id`, `frame_id`, `order_id`, `order_item_price`, `price_saved`, `amount`) VALUES (63, 43, 9, 8, 14, '133.581', '1096.91', 2);
INSERT INTO `order_items` (`order_item_id`, `picture_data_id`, `paper_type_id`, `frame_id`, `order_id`, `order_item_price`, `price_saved`, `amount`) VALUES (64, 15, 2, 9, 18, '2540.03', '30.3927', 1);
INSERT INTO `order_items` (`order_item_id`, `picture_data_id`, `paper_type_id`, `frame_id`, `order_id`, `order_item_price`, `price_saved`, `amount`) VALUES (65, 89, 3, 8, 13, '39', '56.2962', 2);
INSERT INTO `order_items` (`order_item_id`, `picture_data_id`, `paper_type_id`, `frame_id`, `order_id`, `order_item_price`, `price_saved`, `amount`) VALUES (66, 142, 7, 2, 7, '29795.2', '45729100', 2);
INSERT INTO `order_items` (`order_item_id`, `picture_data_id`, `paper_type_id`, `frame_id`, `order_id`, `order_item_price`, `price_saved`, `amount`) VALUES (67, 184, 3, 11, 7, '1.2972', '77.0684', 5);
INSERT INTO `order_items` (`order_item_id`, `picture_data_id`, `paper_type_id`, `frame_id`, `order_id`, `order_item_price`, `price_saved`, `amount`) VALUES (68, 18, 6, 3, 17, '41.804', '83.19', 10);
INSERT INTO `order_items` (`order_item_id`, `picture_data_id`, `paper_type_id`, `frame_id`, `order_id`, `order_item_price`, `price_saved`, `amount`) VALUES (69, 184, 2, 3, 4, '453876', '0.1', 0);
INSERT INTO `order_items` (`order_item_id`, `picture_data_id`, `paper_type_id`, `frame_id`, `order_id`, `order_item_price`, `price_saved`, `amount`) VALUES (70, 112, 4, 2, 29, '0', '0', 3);
INSERT INTO `order_items` (`order_item_id`, `picture_data_id`, `paper_type_id`, `frame_id`, `order_id`, `order_item_price`, `price_saved`, `amount`) VALUES (71, 103, 2, 1, 27, '5.917', '3.771', 10);
INSERT INTO `order_items` (`order_item_id`, `picture_data_id`, `paper_type_id`, `frame_id`, `order_id`, `order_item_price`, `price_saved`, `amount`) VALUES (72, 101, 5, 3, 3, '17177000', '2030.73', 10);
INSERT INTO `order_items` (`order_item_id`, `picture_data_id`, `paper_type_id`, `frame_id`, `order_id`, `order_item_price`, `price_saved`, `amount`) VALUES (73, 95, 7, 15, 21, '7938310', '0', 3170);
INSERT INTO `order_items` (`order_item_id`, `picture_data_id`, `paper_type_id`, `frame_id`, `order_id`, `order_item_price`, `price_saved`, `amount`) VALUES (74, 189, 8, 2, 26, '903672000', '495994000', 0);
INSERT INTO `order_items` (`order_item_id`, `picture_data_id`, `paper_type_id`, `frame_id`, `order_id`, `order_item_price`, `price_saved`, `amount`) VALUES (75, 106, 3, 6, 12, '20579100', '5', 2);
INSERT INTO `order_items` (`order_item_id`, `picture_data_id`, `paper_type_id`, `frame_id`, `order_id`, `order_item_price`, `price_saved`, `amount`) VALUES (76, 8, 10, 1, 3, '6968150', '39047900', 1);
INSERT INTO `order_items` (`order_item_id`, `picture_data_id`, `paper_type_id`, `frame_id`, `order_id`, `order_item_price`, `price_saved`, `amount`) VALUES (77, 30, 9, 5, 25, '2352.34', '29293600', 0);
INSERT INTO `order_items` (`order_item_id`, `picture_data_id`, `paper_type_id`, `frame_id`, `order_id`, `order_item_price`, `price_saved`, `amount`) VALUES (78, 174, 10, null, 1, '493.11', '7.736', 21);
INSERT INTO `order_items` (`order_item_id`, `picture_data_id`, `paper_type_id`, `frame_id`, `order_id`, `order_item_price`, `price_saved`, `amount`) VALUES (79, 12, 9, 15, 24, '68392.9', '47444.1', 2);
INSERT INTO `order_items` (`order_item_id`, `picture_data_id`, `paper_type_id`, `frame_id`, `order_id`, `order_item_price`, `price_saved`, `amount`) VALUES (80, 44, 4, 5, 3, '0', '605018000', 6);
INSERT INTO `order_items` (`order_item_id`, `picture_data_id`, `paper_type_id`, `frame_id`, `order_id`, `order_item_price`, `price_saved`, `amount`) VALUES (81, 70, 9, 7, 21, '0', '52.2285', 5);
INSERT INTO `order_items` (`order_item_id`, `picture_data_id`, `paper_type_id`, `frame_id`, `order_id`, `order_item_price`, `price_saved`, `amount`) VALUES (82, 77, 5, 14, 20, '2123440', '2212.85', 3);
INSERT INTO `order_items` (`order_item_id`, `picture_data_id`, `paper_type_id`, `frame_id`, `order_id`, `order_item_price`, `price_saved`, `amount`) VALUES (83, 104, 9, 10, 22, '66604.9', '26658.3', 1);
INSERT INTO `order_items` (`order_item_id`, `picture_data_id`, `paper_type_id`, `frame_id`, `order_id`, `order_item_price`, `price_saved`, `amount`) VALUES (84, 98, 9, 6, 25, '6472610', '6.26', 3);
INSERT INTO `order_items` (`order_item_id`, `picture_data_id`, `paper_type_id`, `frame_id`, `order_id`, `order_item_price`, `price_saved`, `amount`) VALUES (85, 113, 4, 9, 9, '0', '0', 1);
INSERT INTO `order_items` (`order_item_id`, `picture_data_id`, `paper_type_id`, `frame_id`, `order_id`, `order_item_price`, `price_saved`, `amount`) VALUES (86, 188, 4, 8, 20, '29242.8', '624911000', 0);
INSERT INTO `order_items` (`order_item_id`, `picture_data_id`, `paper_type_id`, `frame_id`, `order_id`, `order_item_price`, `price_saved`, `amount`) VALUES (87, 188, 6, 5, 14, '64273.7', '566032', 5);
INSERT INTO `order_items` (`order_item_id`, `picture_data_id`, `paper_type_id`, `frame_id`, `order_id`, `order_item_price`, `price_saved`, `amount`) VALUES (88, 44, 5, 4, 6, '184497', '0.00178428', 2);
INSERT INTO `order_items` (`order_item_id`, `picture_data_id`, `paper_type_id`, `frame_id`, `order_id`, `order_item_price`, `price_saved`, `amount`) VALUES (89, 4, 5, 1, 5, '422.417', '0', 1);
INSERT INTO `order_items` (`order_item_id`, `picture_data_id`, `paper_type_id`, `frame_id`, `order_id`, `order_item_price`, `price_saved`, `amount`) VALUES (90, 197, 7, 7, 20, '0', '0', 5);
INSERT INTO `order_items` (`order_item_id`, `picture_data_id`, `paper_type_id`, `frame_id`, `order_id`, `order_item_price`, `price_saved`, `amount`) VALUES (91, 55, 1, 5, 22, '1575330', '603106000', 30);
INSERT INTO `order_items` (`order_item_id`, `picture_data_id`, `paper_type_id`, `frame_id`, `order_id`, `order_item_price`, `price_saved`, `amount`) VALUES (92, 144, 5, 12, 11, '22919400', '38.8961', 10);
INSERT INTO `order_items` (`order_item_id`, `picture_data_id`, `paper_type_id`, `frame_id`, `order_id`, `order_item_price`, `price_saved`, `amount`) VALUES (93, 128, 10, 10, 9, '504.46', '9.86423', 1);
INSERT INTO `order_items` (`order_item_id`, `picture_data_id`, `paper_type_id`, `frame_id`, `order_id`, `order_item_price`, `price_saved`, `amount`) VALUES (94, 50, 5, 7, 1, '501962', '650428000', 15);
INSERT INTO `order_items` (`order_item_id`, `picture_data_id`, `paper_type_id`, `frame_id`, `order_id`, `order_item_price`, `price_saved`, `amount`) VALUES (95, 123, 10, 12, 17, '283602000', '595803000', 4);
INSERT INTO `order_items` (`order_item_id`, `picture_data_id`, `paper_type_id`, `frame_id`, `order_id`, `order_item_price`, `price_saved`, `amount`) VALUES (96, 38, 10, 3, 21, '1.33874', '19.28', 2);
INSERT INTO `order_items` (`order_item_id`, `picture_data_id`, `paper_type_id`, `frame_id`, `order_id`, `order_item_price`, `price_saved`, `amount`) VALUES (97, 133, 9, 11, 17, '1617.75', '93252.9', 0);
INSERT INTO `order_items` (`order_item_id`, `picture_data_id`, `paper_type_id`, `frame_id`, `order_id`, `order_item_price`, `price_saved`, `amount`) VALUES (98, 194, 1, 2, 30, '0', '296004', 3);
INSERT INTO `order_items` (`order_item_id`, `picture_data_id`, `paper_type_id`, `frame_id`, `order_id`, `order_item_price`, `price_saved`, `amount`) VALUES (99, 38, 1, 9, 21, '11079500', '0', 2);
INSERT INTO `order_items` (`order_item_id`, `picture_data_id`, `paper_type_id`, `frame_id`, `order_id`, `order_item_price`, `price_saved`, `amount`) VALUES (100, 48, 1, 4, 9, '63775800', '367168', 1);
